{
  "type": "FeatureCollection",
  "features": [
    {
      "type": "Feature",
      "geometry": {
        "type": "Point",
        "coordinates": [
          87.14653,
          53.7582436
        ]
      },
      "properties": {
        "name": "Новокузнецк",
        "place": "city",
        "osm_id": 27505477
      }
    },
    {
      "type": "Feature",
      "geometry": {
        "type": "Point",
        "coordinates": [
          85.963653,
          51.957775
        ]
      },
      "properties": {
        "name": "Горно-Алтайск",
        "place": "city",
        "osm_id": 191636706
      }
    },
    {
      "type": "Feature",
      "geometry": {
        "type": "Point",
        "coordinates": [
          86.7492072,
          53.8879117
        ]
      },
      "properties": {
        "name": "Прокопьевск",
        "place": "city",
        "osm_id": 191779212
      }
    },
    {
      "type": "Feature",
      "geometry": {
        "type": "Point",
        "coordinates": [
          86.6354771,
          54.0049872
        ]
      },
      "properties": {
        "name": "Киселёвск",
        "place": "town",
        "osm_id": 191908717
      }
    },
    {
      "type": "Feature",
      "geometry": {
        "type": "Point",
        "coordinates": [
          88.0703443,
          53.6863763
        ]
      },
      "properties": {
        "name": "Междуреченск",
        "place": "town",
        "osm_id": 191909355
      }
    },
    {
      "type": "Feature",
      "geometry": {
        "type": "Point",
        "coordinates": [
          86.166115,
          54.665443
        ]
      },
      "properties": {
        "name": "Ленинск-Кузнецкий",
        "place": "town",
        "osm_id": 205216827
      }
    },
    {
      "type": "Feature",
      "geometry": {
        "type": "Point",
        "coordinates": [
          86.276024,
          54.603142
        ]
      },
      "properties": {
        "name": "Полысаево",
        "place": "town",
        "osm_id": 206204308
      }
    },
    {
      "type": "Feature",
      "geometry": {
        "type": "Point",
        "coordinates": [
          87.3370368,
          53.5985528
        ]
      },
      "properties": {
        "name": "Осинники",
        "place": "town",
        "osm_id": 216890905
      }
    },
    {
      "type": "Feature",
      "geometry": {
        "type": "Point",
        "coordinates": [
          87.27957,
          53.5195866
        ]
      },
      "properties": {
        "name": "Калтан",
        "place": "town",
        "osm_id": 221109841
      }
    },
    {
      "type": "Feature",
      "geometry": {
        "type": "Point",
        "coordinates": [
          87.284531,
          53.40292
        ]
      },
      "properties": {
        "name": "Малиновка",
        "place": "town",
        "osm_id": 221123415
      }
    },
    {
      "type": "Feature",
      "geometry": {
        "type": "Point",
        "coordinates": [
          87.189774,
          53.336449
        ]
      },
      "properties": {
        "name": "Кузедеево",
        "place": "village",
        "osm_id": 221125835
      }
    },
    {
      "type": "Feature",
      "geometry": {
        "type": "Point",
        "coordinates": [
          87.276199,
          53.210381
        ]
      },
      "properties": {
        "name": "Мундыбаш",
        "place": "village",
        "osm_id": 221129318
      }
    },
    {
      "type": "Feature",
      "geometry": {
        "type": "Point",
        "coordinates": [
          87.458092,
          53.138775
        ]
      },
      "properties": {
        "name": "Темиртау",
        "place": "village",
        "osm_id": 221140463
      }
    },
    {
      "type": "Feature",
      "geometry": {
        "type": "Point",
        "coordinates": [
          87.554047,
          53.112923
        ]
      },
      "properties": {
        "name": "Каз",
        "place": "village",
        "osm_id": 221143207
      }
    },
    {
      "type": "Feature",
      "geometry": {
        "type": "Point",
        "coordinates": [
          87.8484499,
          52.7594694
        ]
      },
      "properties": {
        "name": "Таштагол",
        "place": "town",
        "osm_id": 221173014
      }
    },
    {
      "type": "Feature",
      "geometry": {
        "type": "Point",
        "coordinates": [
          87.9767624,
          52.9259826
        ]
      },
      "properties": {
        "name": "Шерегеш",
        "place": "town",
        "osm_id": 221181091
      }
    },
    {
      "type": "Feature",
      "geometry": {
        "type": "Point",
        "coordinates": [
          87.800316,
          53.71386
        ]
      },
      "properties": {
        "name": "Мыски",
        "place": "town",
        "osm_id": 221214205
      }
    },
    {
      "type": "Feature",
      "geometry": {
        "type": "Point",
        "coordinates": [
          91.6878862,
          53.7102546
        ]
      },
      "properties": {
        "name": "Минусинск",
        "place": "town",
        "osm_id": 275808256
      }
    },
    {
      "type": "Feature",
      "geometry": {
        "type": "Point",
        "coordinates": [
          91.487083,
          52.998306
        ]
      },
      "properties": {
        "name": "Майна",
        "place": "town",
        "osm_id": 275808402
      }
    },
    {
      "type": "Feature",
      "geometry": {
        "type": "Point",
        "coordinates": [
          91.4128377,
          53.0899015
        ]
      },
      "properties": {
        "name": "Саяногорск",
        "place": "town",
        "osm_id": 275808498
      }
    },
    {
      "type": "Feature",
      "geometry": {
        "type": "Point",
        "coordinates": [
          86.303429,
          54.419323
        ]
      },
      "properties": {
        "name": "Белово",
        "place": "town",
        "osm_id": 277750915
      }
    },
    {
      "type": "Feature",
      "geometry": {
        "type": "Point",
        "coordinates": [
          85.9022084,
          52.0048623
        ]
      },
      "properties": {
        "name": "Майма",
        "place": "town",
        "osm_id": 280513628
      }
    },
    {
      "type": "Feature",
      "geometry": {
        "type": "Point",
        "coordinates": [
          85.762215,
          51.641487
        ]
      },
      "properties": {
        "name": "Усть-Сема",
        "place": "village",
        "osm_id": 280513731
      }
    },
    {
      "type": "Feature",
      "geometry": {
        "type": "Point",
        "coordinates": [
          85.9118452,
          53.2581154
        ]
      },
      "properties": {
        "name": "Мартыново",
        "place": "village",
        "osm_id": 280548090
      }
    },
    {
      "type": "Feature",
      "geometry": {
        "type": "Point",
        "coordinates": [
          87.117538,
          52.259956
        ]
      },
      "properties": {
        "name": "Турочак",
        "place": "town",
        "osm_id": 280550570
      }
    },
    {
      "type": "Feature",
      "geometry": {
        "type": "Point",
        "coordinates": [
          87.2516574,
          51.7901235
        ]
      },
      "properties": {
        "name": "Артыбаш",
        "place": "village",
        "osm_id": 280551560
      }
    },
    {
      "type": "Feature",
      "geometry": {
        "type": "Point",
        "coordinates": [
          90.856026,
          54.21806
        ]
      },
      "properties": {
        "name": "Боград",
        "place": "town",
        "osm_id": 285340786
      }
    },
    {
      "type": "Feature",
      "geometry": {
        "type": "Point",
        "coordinates": [
          89.962891,
          54.48764
        ]
      },
      "properties": {
        "name": "Шира",
        "place": "town",
        "osm_id": 285360076
      }
    },
    {
      "type": "Feature",
      "geometry": {
        "type": "Point",
        "coordinates": [
          89.826622,
          54.992966
        ]
      },
      "properties": {
        "name": "Копьёво",
        "place": "town",
        "osm_id": 285365947
      }
    },
    {
      "type": "Feature",
      "geometry": {
        "type": "Point",
        "coordinates": [
          91.31321,
          53.828236
        ]
      },
      "properties": {
        "name": "Черногорск",
        "place": "town",
        "osm_id": 285889059
      }
    },
    {
      "type": "Feature",
      "geometry": {
        "type": "Point",
        "coordinates": [
          90.101159,
          52.6510546
        ]
      },
      "properties": {
        "name": "Абаза",
        "place": "town",
        "osm_id": 286214595
      }
    },
    {
      "type": "Feature",
      "geometry": {
        "type": "Point",
        "coordinates": [
          86.544221,
          52.0131939
        ]
      },
      "properties": {
        "name": "Чоя",
        "place": "town",
        "osm_id": 289835271
      }
    },
    {
      "type": "Feature",
      "geometry": {
        "type": "Point",
        "coordinates": [
          86.1054844,
          54.2828694
        ]
      },
      "properties": {
        "name": "Бачатский",
        "place": "town",
        "osm_id": 290330613
      }
    },
    {
      "type": "Feature",
      "geometry": {
        "type": "Point",
        "coordinates": [
          87.274208,
          52.821659
        ]
      },
      "properties": {
        "name": "Кондома",
        "place": "village",
        "osm_id": 291531469
      }
    },
    {
      "type": "Feature",
      "geometry": {
        "type": "Point",
        "coordinates": [
          86.2641786,
          53.2524204
        ]
      },
      "properties": {
        "name": "Ельцовка",
        "place": "village",
        "osm_id": 291818590
      }
    },
    {
      "type": "Feature",
      "geometry": {
        "type": "Point",
        "coordinates": [
          86.491745,
          53.610046
        ]
      },
      "properties": {
        "name": "Томское",
        "place": "hamlet",
        "osm_id": 291835841
      }
    },
    {
      "type": "Feature",
      "geometry": {
        "type": "Point",
        "coordinates": [
          88.5504161,
          53.6440023
        ]
      },
      "properties": {
        "name": "Теба",
        "place": "village",
        "osm_id": 291961644
      }
    },
    {
      "type": "Feature",
      "geometry": {
        "type": "Point",
        "coordinates": [
          89.137718,
          53.416523
        ]
      },
      "properties": {
        "name": "Балыкса",
        "place": "village",
        "osm_id": 291963474
      }
    },
    {
      "type": "Feature",
      "geometry": {
        "type": "Point",
        "coordinates": [
          88.445816,
          52.824162
        ]
      },
      "properties": {
        "name": "Усть-Кабырза",
        "place": "village",
        "osm_id": 291965738
      }
    },
    {
      "type": "Feature",
      "geometry": {
        "type": "Point",
        "coordinates": [
          92.396088,
          53.278046
        ]
      },
      "properties": {
        "name": "Ермаковское",
        "place": "town",
        "osm_id": 295902357
      }
    },
    {
      "type": "Feature",
      "geometry": {
        "type": "Point",
        "coordinates": [
          91.945374,
          53.32782
        ]
      },
      "properties": {
        "name": "Шушенское",
        "place": "town",
        "osm_id": 295939729
      }
    },
    {
      "type": "Feature",
      "geometry": {
        "type": "Point",
        "coordinates": [
          91.42038,
          52.848377
        ]
      },
      "properties": {
        "name": "Черёмушки",
        "place": "town",
        "osm_id": 295945680
      }
    },
    {
      "type": "Feature",
      "geometry": {
        "type": "Point",
        "coordinates": [
          88.415085,
          53.052124
        ]
      },
      "properties": {
        "name": "Усть-Анзас",
        "place": "hamlet",
        "osm_id": 303535027
      }
    },
    {
      "type": "Feature",
      "geometry": {
        "type": "Point",
        "coordinates": [
          88.5168287,
          52.2960208
        ]
      },
      "properties": {
        "name": "Мрассу",
        "place": "hamlet",
        "osm_id": 303539964
      }
    },
    {
      "type": "Feature",
      "geometry": {
        "type": "Point",
        "coordinates": [
          87.152794,
          53.667896
        ]
      },
      "properties": {
        "name": "Сосновка",
        "place": "village",
        "osm_id": 303543517
      }
    },
    {
      "type": "Feature",
      "geometry": {
        "type": "Point",
        "coordinates": [
          91.779358,
          53.725357
        ]
      },
      "properties": {
        "name": "Малая Минуса",
        "place": "village",
        "osm_id": 393646649
      }
    },
    {
      "type": "Feature",
      "geometry": {
        "type": "Point",
        "coordinates": [
          91.6670746,
          53.6758344
        ]
      },
      "properties": {
        "name": "Опытное Поле",
        "place": "village",
        "osm_id": 393647576
      }
    },
    {
      "type": "Feature",
      "geometry": {
        "type": "Point",
        "coordinates": [
          91.806885,
          53.642185
        ]
      },
      "properties": {
        "name": "Тагарский",
        "place": "hamlet",
        "osm_id": 393651666
      }
    },
    {
      "type": "Feature",
      "geometry": {
        "type": "Point",
        "coordinates": [
          91.6449846,
          53.6647118
        ]
      },
      "properties": {
        "name": "Топольки",
        "place": "village",
        "osm_id": 393677715
      }
    },
    {
      "type": "Feature",
      "geometry": {
        "type": "Point",
        "coordinates": [
          91.545029,
          53.664356
        ]
      },
      "properties": {
        "name": "Подсинее",
        "place": "village",
        "osm_id": 393678943
      }
    },
    {
      "type": "Feature",
      "geometry": {
        "type": "Point",
        "coordinates": [
          90.4321,
          53.1366
        ]
      },
      "properties": {
        "name": "Аскиз",
        "place": "town",
        "osm_id": 409086394
      }
    },
    {
      "type": "Feature",
      "geometry": {
        "type": "Point",
        "coordinates": [
          85.7013181,
          52.4178459
        ]
      },
      "properties": {
        "name": "Сростки",
        "place": "village",
        "osm_id": 411310505
      }
    },
    {
      "type": "Feature",
      "geometry": {
        "type": "Point",
        "coordinates": [
          85.6647246,
          53.0806917
        ]
      },
      "properties": {
        "name": "Целинное",
        "place": "town",
        "osm_id": 411310508
      }
    },
    {
      "type": "Feature",
      "geometry": {
        "type": "Point",
        "coordinates": [
          86.9202667,
          51.6579953
        ]
      },
      "properties": {
        "name": "Уймень",
        "place": "village",
        "osm_id": 418594949
      }
    },
    {
      "type": "Feature",
      "geometry": {
        "type": "Point",
        "coordinates": [
          87.0911034,
          51.8596926
        ]
      },
      "properties": {
        "name": "Усть-Пыжа",
        "place": "village",
        "osm_id": 418660654
      }
    },
    {
      "type": "Feature",
      "geometry": {
        "type": "Point",
        "coordinates": [
          86.6918262,
          51.7673177
        ]
      },
      "properties": {
        "name": "Каракокша",
        "place": "village",
        "osm_id": 419322560
      }
    },
    {
      "type": "Feature",
      "geometry": {
        "type": "Point",
        "coordinates": [
          86.09481,
          51.56797
        ]
      },
      "properties": {
        "name": "Нижний Куюм",
        "place": "hamlet",
        "osm_id": 419408936
      }
    },
    {
      "type": "Feature",
      "geometry": {
        "type": "Point",
        "coordinates": [
          85.627814,
          52.917455
        ]
      },
      "properties": {
        "name": "Верх-Марушка",
        "place": "village",
        "osm_id": 420476189
      }
    },
    {
      "type": "Feature",
      "geometry": {
        "type": "Point",
        "coordinates": [
          87.1688934,
          53.5442098
        ]
      },
      "properties": {
        "name": "Ключи",
        "place": "hamlet",
        "osm_id": 420476395
      }
    },
    {
      "type": "Feature",
      "geometry": {
        "type": "Point",
        "coordinates": [
          85.690002,
          54.420929
        ]
      },
      "properties": {
        "name": "Печёркино",
        "place": "hamlet",
        "osm_id": 422935226
      }
    },
    {
      "type": "Feature",
      "geometry": {
        "type": "Point",
        "coordinates": [
          87.754295,
          52.748081
        ]
      },
      "properties": {
        "name": "Спасск",
        "place": "village",
        "osm_id": 424987092
      }
    },
    {
      "type": "Feature",
      "geometry": {
        "type": "Point",
        "coordinates": [
          90.156975,
          54.495186
        ]
      },
      "properties": {
        "name": "Жемчужный",
        "place": "village",
        "osm_id": 447096414
      }
    },
    {
      "type": "Feature",
      "geometry": {
        "type": "Point",
        "coordinates": [
          92.133156,
          54.370876
        ]
      },
      "properties": {
        "name": "Идринское",
        "place": "town",
        "osm_id": 451604149
      }
    },
    {
      "type": "Feature",
      "geometry": {
        "type": "Point",
        "coordinates": [
          91.278786,
          51.402248
        ]
      },
      "properties": {
        "name": "Суг-Аксы",
        "place": "village",
        "osm_id": 457113558
      }
    },
    {
      "type": "Feature",
      "geometry": {
        "type": "Point",
        "coordinates": [
          92.3348586,
          51.5141315
        ]
      },
      "properties": {
        "name": "Чаа-Холь",
        "place": "village",
        "osm_id": 457350662
      }
    },
    {
      "type": "Feature",
      "geometry": {
        "type": "Point",
        "coordinates": [
          89.8868388,
          52.8013989
        ]
      },
      "properties": {
        "name": "Таштып",
        "place": "town",
        "osm_id": 457453957
      }
    },
    {
      "type": "Feature",
      "geometry": {
        "type": "Point",
        "coordinates": [
          90.244148,
          52.881306
        ]
      },
      "properties": {
        "name": "Усть-Таштып",
        "place": "village",
        "osm_id": 457457902
      }
    },
    {
      "type": "Feature",
      "geometry": {
        "type": "Point",
        "coordinates": [
          91.382362,
          53.596436
        ]
      },
      "properties": {
        "name": "Белый Яр",
        "place": "town",
        "osm_id": 457497582
      }
    },
    {
      "type": "Feature",
      "geometry": {
        "type": "Point",
        "coordinates": [
          90.921989,
          53.046246
        ]
      },
      "properties": {
        "name": "Бея",
        "place": "town",
        "osm_id": 457505136
      }
    },
    {
      "type": "Feature",
      "geometry": {
        "type": "Point",
        "coordinates": [
          91.3937743,
          53.8326725
        ]
      },
      "properties": {
        "name": "Усть-Абакан",
        "place": "town",
        "osm_id": 457507984
      }
    },
    {
      "type": "Feature",
      "geometry": {
        "type": "Point",
        "coordinates": [
          89.45974,
          52.654572
        ]
      },
      "properties": {
        "name": "Матур",
        "place": "village",
        "osm_id": 457893584
      }
    },
    {
      "type": "Feature",
      "geometry": {
        "type": "Point",
        "coordinates": [
          91.802536,
          53.190723
        ]
      },
      "properties": {
        "name": "Каптырево",
        "place": "village",
        "osm_id": 458710434
      }
    },
    {
      "type": "Feature",
      "geometry": {
        "type": "Point",
        "coordinates": [
          85.8105626,
          52.7185124
        ]
      },
      "properties": {
        "name": "Шебалино",
        "place": "village",
        "osm_id": 459441721
      }
    },
    {
      "type": "Feature",
      "geometry": {
        "type": "Point",
        "coordinates": [
          91.7924454,
          53.5233563
        ]
      },
      "properties": {
        "name": "Лугавское",
        "place": "village",
        "osm_id": 463180810
      }
    },
    {
      "type": "Feature",
      "geometry": {
        "type": "Point",
        "coordinates": [
          90.990471,
          53.000221
        ]
      },
      "properties": {
        "name": "Дехановка",
        "place": "hamlet",
        "osm_id": 465193990
      }
    },
    {
      "type": "Feature",
      "geometry": {
        "type": "Point",
        "coordinates": [
          85.8317792,
          51.5883105
        ]
      },
      "properties": {
        "name": "Чепош",
        "place": "village",
        "osm_id": 471541670
      }
    },
    {
      "type": "Feature",
      "geometry": {
        "type": "Point",
        "coordinates": [
          85.7792275,
          51.8296084
        ]
      },
      "properties": {
        "name": "Манжерок",
        "place": "village",
        "osm_id": 471541989
      }
    },
    {
      "type": "Feature",
      "geometry": {
        "type": "Point",
        "coordinates": [
          86.660156,
          54.354179
        ]
      },
      "properties": {
        "name": "Коновалово",
        "place": "village",
        "osm_id": 475967810
      }
    },
    {
      "type": "Feature",
      "geometry": {
        "type": "Point",
        "coordinates": [
          86.441681,
          54.432644
        ]
      },
      "properties": {
        "name": "Инской",
        "place": "town",
        "osm_id": 479731995
      }
    },
    {
      "type": "Feature",
      "geometry": {
        "type": "Point",
        "coordinates": [
          85.782997,
          51.870026
        ]
      },
      "properties": {
        "name": "Черемшанка",
        "place": "village",
        "osm_id": 492158376
      }
    },
    {
      "type": "Feature",
      "geometry": {
        "type": "Point",
        "coordinates": [
          85.7285667,
          51.7558551
        ]
      },
      "properties": {
        "name": "Известковый",
        "place": "hamlet",
        "osm_id": 492160866
      }
    },
    {
      "type": "Feature",
      "geometry": {
        "type": "Point",
        "coordinates": [
          85.762192,
          51.722095
        ]
      },
      "properties": {
        "name": "Усть-Муны",
        "place": "village",
        "osm_id": 492161353
      }
    },
    {
      "type": "Feature",
      "geometry": {
        "type": "Point",
        "coordinates": [
          85.781784,
          51.678883
        ]
      },
      "properties": {
        "name": "Барангол",
        "place": "village",
        "osm_id": 492163945
      }
    },
    {
      "type": "Feature",
      "geometry": {
        "type": "Point",
        "coordinates": [
          85.9071666,
          51.5454
        ]
      },
      "properties": {
        "name": "Турбаза «Катунь»",
        "place": "hamlet",
        "osm_id": 492167080
      }
    },
    {
      "type": "Feature",
      "geometry": {
        "type": "Point",
        "coordinates": [
          85.9424926,
          51.5254227
        ]
      },
      "properties": {
        "name": "Узнезя",
        "place": "village",
        "osm_id": 492167772
      }
    },
    {
      "type": "Feature",
      "geometry": {
        "type": "Point",
        "coordinates": [
          86.70076,
          54.354439
        ]
      },
      "properties": {
        "name": "Евтино",
        "place": "village",
        "osm_id": 498679292
      }
    },
    {
      "type": "Feature",
      "geometry": {
        "type": "Point",
        "coordinates": [
          86.771339,
          54.390175
        ]
      },
      "properties": {
        "name": "Каракан",
        "place": "village",
        "osm_id": 523612912
      }
    },
    {
      "type": "Feature",
      "geometry": {
        "type": "Point",
        "coordinates": [
          86.481743,
          54.42601
        ]
      },
      "properties": {
        "name": "Менчереп",
        "place": "village",
        "osm_id": 523613050
      }
    },
    {
      "type": "Feature",
      "geometry": {
        "type": "Point",
        "coordinates": [
          86.2268904,
          54.1493765
        ]
      },
      "properties": {
        "name": "Дуброво",
        "place": "hamlet",
        "osm_id": 529142151
      }
    },
    {
      "type": "Feature",
      "geometry": {
        "type": "Point",
        "coordinates": [
          86.249878,
          54.195042
        ]
      },
      "properties": {
        "name": "Бускускан",
        "place": "hamlet",
        "osm_id": 529142303
      }
    },
    {
      "type": "Feature",
      "geometry": {
        "type": "Point",
        "coordinates": [
          86.206093,
          54.237862
        ]
      },
      "properties": {
        "name": "Старобачаты",
        "place": "village",
        "osm_id": 529142409
      }
    },
    {
      "type": "Feature",
      "geometry": {
        "type": "Point",
        "coordinates": [
          86.1993511,
          52.674569
        ]
      },
      "properties": {
        "name": "Ненинка",
        "place": "village",
        "osm_id": 567037394
      }
    },
    {
      "type": "Feature",
      "geometry": {
        "type": "Point",
        "coordinates": [
          86.4756389,
          52.8365518
        ]
      },
      "properties": {
        "name": "Солтон",
        "place": "town",
        "osm_id": 567037413
      }
    },
    {
      "type": "Feature",
      "geometry": {
        "type": "Point",
        "coordinates": [
          85.9136273,
          53.4658177
        ]
      },
      "properties": {
        "name": "Тогул",
        "place": "town",
        "osm_id": 567037453
      }
    },
    {
      "type": "Feature",
      "geometry": {
        "type": "Point",
        "coordinates": [
          85.8085652,
          51.9452062
        ]
      },
      "properties": {
        "name": "Ая",
        "place": "village",
        "osm_id": 567050796
      }
    },
    {
      "type": "Feature",
      "geometry": {
        "type": "Point",
        "coordinates": [
          85.6049127,
          52.7892573
        ]
      },
      "properties": {
        "name": "Воеводское",
        "place": "village",
        "osm_id": 567050927
      }
    },
    {
      "type": "Feature",
      "geometry": {
        "type": "Point",
        "coordinates": [
          85.8287901,
          52.2866213
        ]
      },
      "properties": {
        "name": "Быстрянка",
        "place": "village",
        "osm_id": 567050940
      }
    },
    {
      "type": "Feature",
      "geometry": {
        "type": "Point",
        "coordinates": [
          85.8390289,
          53.1174747
        ]
      },
      "properties": {
        "name": "Шалап",
        "place": "village",
        "osm_id": 567050947
      }
    },
    {
      "type": "Feature",
      "geometry": {
        "type": "Point",
        "coordinates": [
          92.286148,
          53.939526
        ]
      },
      "properties": {
        "name": "Шалоболино",
        "place": "village",
        "osm_id": 600667038
      }
    },
    {
      "type": "Feature",
      "geometry": {
        "type": "Point",
        "coordinates": [
          92.2458227,
          53.9076748
        ]
      },
      "properties": {
        "name": "Усть-Шушь",
        "place": "hamlet",
        "osm_id": 600667071
      }
    },
    {
      "type": "Feature",
      "geometry": {
        "type": "Point",
        "coordinates": [
          92.3247627,
          53.9767793
        ]
      },
      "properties": {
        "name": "Курганчики",
        "place": "village",
        "osm_id": 600667072
      }
    },
    {
      "type": "Feature",
      "geometry": {
        "type": "Point",
        "coordinates": [
          92.449766,
          53.85728
        ]
      },
      "properties": {
        "name": "Пойлово",
        "place": "village",
        "osm_id": 600667091
      }
    },
    {
      "type": "Feature",
      "geometry": {
        "type": "Point",
        "coordinates": [
          88.7543842,
          54.6526265
        ]
      },
      "properties": {
        "name": "Главстан",
        "place": "hamlet",
        "osm_id": 614411478
      }
    },
    {
      "type": "Feature",
      "geometry": {
        "type": "Point",
        "coordinates": [
          88.695641,
          54.653049
        ]
      },
      "properties": {
        "name": "Приисковое",
        "place": "village",
        "osm_id": 614411479
      }
    },
    {
      "type": "Feature",
      "geometry": {
        "type": "Point",
        "coordinates": [
          91.8024015,
          53.9270199
        ]
      },
      "properties": {
        "name": "Городок",
        "place": "village",
        "osm_id": 621110717
      }
    },
    {
      "type": "Feature",
      "geometry": {
        "type": "Point",
        "coordinates": [
          87.172012,
          53.475719
        ]
      },
      "properties": {
        "name": "Николаевка",
        "place": "village",
        "osm_id": 641374398
      }
    },
    {
      "type": "Feature",
      "geometry": {
        "type": "Point",
        "coordinates": [
          87.775978,
          52.889339
        ]
      },
      "properties": {
        "name": "Чугунаш",
        "place": "village",
        "osm_id": 641381895
      }
    },
    {
      "type": "Feature",
      "geometry": {
        "type": "Point",
        "coordinates": [
          87.6713041,
          53.0352192
        ]
      },
      "properties": {
        "name": "Центральный",
        "place": "hamlet",
        "osm_id": 641381897
      }
    },
    {
      "type": "Feature",
      "geometry": {
        "type": "Point",
        "coordinates": [
          87.5423069,
          53.0147248
        ]
      },
      "properties": {
        "name": "Амзас",
        "place": "village",
        "osm_id": 648857576
      }
    },
    {
      "type": "Feature",
      "geometry": {
        "type": "Point",
        "coordinates": [
          87.8376159,
          53.8089681
        ]
      },
      "properties": {
        "name": "Тутуяс",
        "place": "hamlet",
        "osm_id": 654099195
      }
    },
    {
      "type": "Feature",
      "geometry": {
        "type": "Point",
        "coordinates": [
          87.904205,
          53.863789
        ]
      },
      "properties": {
        "name": "Аксас",
        "place": "hamlet",
        "osm_id": 659064569
      }
    },
    {
      "type": "Feature",
      "geometry": {
        "type": "Point",
        "coordinates": [
          88.2045587,
          53.6226188
        ]
      },
      "properties": {
        "name": "Майзас",
        "place": "village",
        "osm_id": 659169005
      }
    },
    {
      "type": "Feature",
      "geometry": {
        "type": "Point",
        "coordinates": [
          87.2513648,
          51.7834737
        ]
      },
      "properties": {
        "name": "Иогач",
        "place": "village",
        "osm_id": 663758737
      }
    },
    {
      "type": "Feature",
      "geometry": {
        "type": "Point",
        "coordinates": [
          86.243301,
          54.747231
        ]
      },
      "properties": {
        "name": "Демьяновка",
        "place": "village",
        "osm_id": 673511037
      }
    },
    {
      "type": "Feature",
      "geometry": {
        "type": "Point",
        "coordinates": [
          86.438202,
          54.460793
        ]
      },
      "properties": {
        "name": "Коротково",
        "place": "village",
        "osm_id": 673511057
      }
    },
    {
      "type": "Feature",
      "geometry": {
        "type": "Point",
        "coordinates": [
          86.600815,
          54.375546
        ]
      },
      "properties": {
        "name": "Сидорёнково",
        "place": "village",
        "osm_id": 673511071
      }
    },
    {
      "type": "Feature",
      "geometry": {
        "type": "Point",
        "coordinates": [
          85.931091,
          54.284954
        ]
      },
      "properties": {
        "name": "Гурьевск",
        "place": "town",
        "osm_id": 673511072
      }
    },
    {
      "type": "Feature",
      "geometry": {
        "type": "Point",
        "coordinates": [
          86.525948,
          54.475731
        ]
      },
      "properties": {
        "name": "Хахалино",
        "place": "hamlet",
        "osm_id": 673511077
      }
    },
    {
      "type": "Feature",
      "geometry": {
        "type": "Point",
        "coordinates": [
          86.380577,
          54.946575
        ]
      },
      "properties": {
        "name": "Панфилово",
        "place": "village",
        "osm_id": 673511086
      }
    },
    {
      "type": "Feature",
      "geometry": {
        "type": "Point",
        "coordinates": [
          85.834839,
          54.26075
        ]
      },
      "properties": {
        "name": "Гавриловка",
        "place": "hamlet",
        "osm_id": 673513467
      }
    },
    {
      "type": "Feature",
      "geometry": {
        "type": "Point",
        "coordinates": [
          87.554848,
          54.211418
        ]
      },
      "properties": {
        "name": "Осиновое Плёсо",
        "place": "village",
        "osm_id": 686700409
      }
    },
    {
      "type": "Feature",
      "geometry": {
        "type": "Point",
        "coordinates": [
          87.557938,
          54.192741
        ]
      },
      "properties": {
        "name": "Усть-Аскарлы",
        "place": "hamlet",
        "osm_id": 686701516
      }
    },
    {
      "type": "Feature",
      "geometry": {
        "type": "Point",
        "coordinates": [
          87.808052,
          54.2066
        ]
      },
      "properties": {
        "name": "Макариха",
        "place": "hamlet",
        "osm_id": 686702454
      }
    },
    {
      "type": "Feature",
      "geometry": {
        "type": "Point",
        "coordinates": [
          87.815773,
          54.150238
        ]
      },
      "properties": {
        "name": "Загадное",
        "place": "hamlet",
        "osm_id": 686706209
      }
    },
    {
      "type": "Feature",
      "geometry": {
        "type": "Point",
        "coordinates": [
          85.849403,
          51.886547
        ]
      },
      "properties": {
        "name": "Соузга",
        "place": "village",
        "osm_id": 715227313
      }
    },
    {
      "type": "Feature",
      "geometry": {
        "type": "Point",
        "coordinates": [
          88.3615874,
          53.1228826
        ]
      },
      "properties": {
        "name": "Средний Чилей",
        "place": "hamlet",
        "osm_id": 726659842
      }
    },
    {
      "type": "Feature",
      "geometry": {
        "type": "Point",
        "coordinates": [
          88.7340234,
          52.8138372
        ]
      },
      "properties": {
        "name": "Кантус",
        "place": "hamlet",
        "osm_id": 726666245
      }
    },
    {
      "type": "Feature",
      "geometry": {
        "type": "Point",
        "coordinates": [
          90.958694,
          54.14888
        ]
      },
      "properties": {
        "name": "Таёжная",
        "place": "hamlet",
        "osm_id": 783675872
      }
    },
    {
      "type": "Feature",
      "geometry": {
        "type": "Point",
        "coordinates": [
          91.129494,
          54.098881
        ]
      },
      "properties": {
        "name": "Бородино",
        "place": "village",
        "osm_id": 783678615
      }
    },
    {
      "type": "Feature",
      "geometry": {
        "type": "Point",
        "coordinates": [
          87.089432,
          54.129871
        ]
      },
      "properties": {
        "name": "Малая Талда",
        "place": "hamlet",
        "osm_id": 817757768
      }
    },
    {
      "type": "Feature",
      "geometry": {
        "type": "Point",
        "coordinates": [
          87.058716,
          54.165207
        ]
      },
      "properties": {
        "name": "Большая Талда",
        "place": "village",
        "osm_id": 817757955
      }
    },
    {
      "type": "Feature",
      "geometry": {
        "type": "Point",
        "coordinates": [
          86.946999,
          54.098316
        ]
      },
      "properties": {
        "name": "Терентьевское",
        "place": "village",
        "osm_id": 817758018
      }
    },
    {
      "type": "Feature",
      "geometry": {
        "type": "Point",
        "coordinates": [
          87.063347,
          54.048965
        ]
      },
      "properties": {
        "name": "Анисимово",
        "place": "village",
        "osm_id": 818600954
      }
    },
    {
      "type": "Feature",
      "geometry": {
        "type": "Point",
        "coordinates": [
          87.081032,
          54.025478
        ]
      },
      "properties": {
        "name": "Красулино",
        "place": "village",
        "osm_id": 818600955
      }
    },
    {
      "type": "Feature",
      "geometry": {
        "type": "Point",
        "coordinates": [
          87.249168,
          54.171185
        ]
      },
      "properties": {
        "name": "Жерново",
        "place": "hamlet",
        "osm_id": 820099329
      }
    },
    {
      "type": "Feature",
      "geometry": {
        "type": "Point",
        "coordinates": [
          91.28968,
          53.550091
        ]
      },
      "properties": {
        "name": "Изыхские Копи",
        "place": "village",
        "osm_id": 873662353
      }
    },
    {
      "type": "Feature",
      "geometry": {
        "type": "Point",
        "coordinates": [
          91.175919,
          53.52449
        ]
      },
      "properties": {
        "name": "Райков",
        "place": "village",
        "osm_id": 873663050
      }
    },
    {
      "type": "Feature",
      "geometry": {
        "type": "Point",
        "coordinates": [
          91.183556,
          53.471912
        ]
      },
      "properties": {
        "name": "Сартыков",
        "place": "village",
        "osm_id": 873663467
      }
    },
    {
      "type": "Feature",
      "geometry": {
        "type": "Point",
        "coordinates": [
          86.333199,
          54.838352
        ]
      },
      "properties": {
        "name": "Чусовитино",
        "place": "village",
        "osm_id": 876213357
      }
    },
    {
      "type": "Feature",
      "geometry": {
        "type": "Point",
        "coordinates": [
          87.1040466,
          51.9101901
        ]
      },
      "properties": {
        "name": "Кебезень",
        "place": "village",
        "osm_id": 876215281
      }
    },
    {
      "type": "Feature",
      "geometry": {
        "type": "Point",
        "coordinates": [
          87.104103,
          52.187553
        ]
      },
      "properties": {
        "name": "Санькин Аил",
        "place": "hamlet",
        "osm_id": 876229501
      }
    },
    {
      "type": "Feature",
      "geometry": {
        "type": "Point",
        "coordinates": [
          87.679642,
          52.545834
        ]
      },
      "properties": {
        "name": "Алтамаш",
        "place": "village",
        "osm_id": 876238570
      }
    },
    {
      "type": "Feature",
      "geometry": {
        "type": "Point",
        "coordinates": [
          87.3623281,
          52.3756734
        ]
      },
      "properties": {
        "name": "Каяшкан",
        "place": "hamlet",
        "osm_id": 877843460
      }
    },
    {
      "type": "Feature",
      "geometry": {
        "type": "Point",
        "coordinates": [
          87.7488047,
          52.6147921
        ]
      },
      "properties": {
        "name": "Габовск",
        "place": "hamlet",
        "osm_id": 877878938
      }
    },
    {
      "type": "Feature",
      "geometry": {
        "type": "Point",
        "coordinates": [
          87.8600854,
          52.7068746
        ]
      },
      "properties": {
        "name": "Чушла",
        "place": "hamlet",
        "osm_id": 877883927
      }
    },
    {
      "type": "Feature",
      "geometry": {
        "type": "Point",
        "coordinates": [
          86.720901,
          53.24052
        ]
      },
      "properties": {
        "name": "Сары-Чумыш",
        "place": "village",
        "osm_id": 880646853
      }
    },
    {
      "type": "Feature",
      "geometry": {
        "type": "Point",
        "coordinates": [
          88.8222125,
          52.9349493
        ]
      },
      "properties": {
        "name": "Сензас",
        "place": "hamlet",
        "osm_id": 880646883
      }
    },
    {
      "type": "Feature",
      "geometry": {
        "type": "Point",
        "coordinates": [
          87.4385724,
          54.3281569
        ]
      },
      "properties": {
        "name": "Усть-Нарык",
        "place": "hamlet",
        "osm_id": 880647016
      }
    },
    {
      "type": "Feature",
      "geometry": {
        "type": "Point",
        "coordinates": [
          89.944397,
          54.339775
        ]
      },
      "properties": {
        "name": "Туим",
        "place": "village",
        "osm_id": 883919849
      }
    },
    {
      "type": "Feature",
      "geometry": {
        "type": "Point",
        "coordinates": [
          89.837372,
          54.952328
        ]
      },
      "properties": {
        "name": "Малый Сютик",
        "place": "hamlet",
        "osm_id": 883919945
      }
    },
    {
      "type": "Feature",
      "geometry": {
        "type": "Point",
        "coordinates": [
          89.758881,
          54.700157
        ]
      },
      "properties": {
        "name": "Июс",
        "place": "village",
        "osm_id": 883920074
      }
    },
    {
      "type": "Feature",
      "geometry": {
        "type": "Point",
        "coordinates": [
          89.913689,
          54.58194
        ]
      },
      "properties": {
        "name": "Целинное",
        "place": "village",
        "osm_id": 883920270
      }
    },
    {
      "type": "Feature",
      "geometry": {
        "type": "Point",
        "coordinates": [
          86.067863,
          54.310856
        ]
      },
      "properties": {
        "name": "Шанда",
        "place": "hamlet",
        "osm_id": 885889598
      }
    },
    {
      "type": "Feature",
      "geometry": {
        "type": "Point",
        "coordinates": [
          85.954163,
          54.331799
        ]
      },
      "properties": {
        "name": "Малая Салаирка",
        "place": "village",
        "osm_id": 885889610
      }
    },
    {
      "type": "Feature",
      "geometry": {
        "type": "Point",
        "coordinates": [
          86.032967,
          54.235229
        ]
      },
      "properties": {
        "name": "Лесной",
        "place": "village",
        "osm_id": 885889615
      }
    },
    {
      "type": "Feature",
      "geometry": {
        "type": "Point",
        "coordinates": [
          85.836197,
          54.409882
        ]
      },
      "properties": {
        "name": "Кулебакино",
        "place": "village",
        "osm_id": 885889623
      }
    },
    {
      "type": "Feature",
      "geometry": {
        "type": "Point",
        "coordinates": [
          85.728386,
          54.290611
        ]
      },
      "properties": {
        "name": "Сосновка",
        "place": "village",
        "osm_id": 885889625
      }
    },
    {
      "type": "Feature",
      "geometry": {
        "type": "Point",
        "coordinates": [
          85.634682,
          54.466091
        ]
      },
      "properties": {
        "name": "Горскино",
        "place": "village",
        "osm_id": 885889629
      }
    },
    {
      "type": "Feature",
      "geometry": {
        "type": "Point",
        "coordinates": [
          85.94165,
          54.44289
        ]
      },
      "properties": {
        "name": "Ур-Бедари",
        "place": "village",
        "osm_id": 885889634
      }
    },
    {
      "type": "Feature",
      "geometry": {
        "type": "Point",
        "coordinates": [
          90.396004,
          54.463825
        ]
      },
      "properties": {
        "name": "Власьево",
        "place": "village",
        "osm_id": 886169900
      }
    },
    {
      "type": "Feature",
      "geometry": {
        "type": "Point",
        "coordinates": [
          90.386726,
          54.388302
        ]
      },
      "properties": {
        "name": "Сон",
        "place": "village",
        "osm_id": 886169982
      }
    },
    {
      "type": "Feature",
      "geometry": {
        "type": "Point",
        "coordinates": [
          91.127769,
          54.217598
        ]
      },
      "properties": {
        "name": "Полиндейка",
        "place": "hamlet",
        "osm_id": 886170987
      }
    },
    {
      "type": "Feature",
      "geometry": {
        "type": "Point",
        "coordinates": [
          91.317566,
          54.274975
        ]
      },
      "properties": {
        "name": "Абакано-Перевоз",
        "place": "hamlet",
        "osm_id": 886171302
      }
    },
    {
      "type": "Feature",
      "geometry": {
        "type": "Point",
        "coordinates": [
          90.510803,
          54.388008
        ]
      },
      "properties": {
        "name": "Гальджа",
        "place": "hamlet",
        "osm_id": 886171967
      }
    },
    {
      "type": "Feature",
      "geometry": {
        "type": "Point",
        "coordinates": [
          91.2612861,
          53.9118954
        ]
      },
      "properties": {
        "name": "Пригорск",
        "place": "village",
        "osm_id": 886172312
      }
    },
    {
      "type": "Feature",
      "geometry": {
        "type": "Point",
        "coordinates": [
          86.448097,
          54.157387
        ]
      },
      "properties": {
        "name": "Краснобродский",
        "place": "town",
        "osm_id": 891520461
      }
    },
    {
      "type": "Feature",
      "geometry": {
        "type": "Point",
        "coordinates": [
          86.0154088,
          54.8731843
        ]
      },
      "properties": {
        "name": "Протопопово",
        "place": "village",
        "osm_id": 894572839
      }
    },
    {
      "type": "Feature",
      "geometry": {
        "type": "Point",
        "coordinates": [
          85.7805328,
          54.9061284
        ]
      },
      "properties": {
        "name": "Морозово",
        "place": "village",
        "osm_id": 894572843
      }
    },
    {
      "type": "Feature",
      "geometry": {
        "type": "Point",
        "coordinates": [
          85.6274749,
          54.9865111
        ]
      },
      "properties": {
        "name": "Уфимцево",
        "place": "village",
        "osm_id": 894572896
      }
    },
    {
      "type": "Feature",
      "geometry": {
        "type": "Point",
        "coordinates": [
          85.7744631,
          54.9256452
        ]
      },
      "properties": {
        "name": "Калинкино",
        "place": "village",
        "osm_id": 894572902
      }
    },
    {
      "type": "Feature",
      "geometry": {
        "type": "Point",
        "coordinates": [
          85.7034505,
          54.9664938
        ]
      },
      "properties": {
        "name": "Портнягино",
        "place": "hamlet",
        "osm_id": 894572912
      }
    },
    {
      "type": "Feature",
      "geometry": {
        "type": "Point",
        "coordinates": [
          90.7833781,
          54.583716
        ]
      },
      "properties": {
        "name": "Первомайское",
        "place": "village",
        "osm_id": 895796478
      }
    },
    {
      "type": "Feature",
      "geometry": {
        "type": "Point",
        "coordinates": [
          90.983704,
          54.363499
        ]
      },
      "properties": {
        "name": "Знаменка",
        "place": "village",
        "osm_id": 895796508
      }
    },
    {
      "type": "Feature",
      "geometry": {
        "type": "Point",
        "coordinates": [
          90.8474827,
          54.9222047
        ]
      },
      "properties": {
        "name": "Аешка",
        "place": "hamlet",
        "osm_id": 895796563
      }
    },
    {
      "type": "Feature",
      "geometry": {
        "type": "Point",
        "coordinates": [
          87.4352448,
          53.6960029
        ]
      },
      "properties": {
        "name": "Тайжина",
        "place": "village",
        "osm_id": 896524835
      }
    },
    {
      "type": "Feature",
      "geometry": {
        "type": "Point",
        "coordinates": [
          87.312462,
          53.460785
        ]
      },
      "properties": {
        "name": "Сарбала",
        "place": "village",
        "osm_id": 896524887
      }
    },
    {
      "type": "Feature",
      "geometry": {
        "type": "Point",
        "coordinates": [
          92.498428,
          53.817822
        ]
      },
      "properties": {
        "name": "Кочергино",
        "place": "village",
        "osm_id": 897021187
      }
    },
    {
      "type": "Feature",
      "geometry": {
        "type": "Point",
        "coordinates": [
          92.1157948,
          53.7705357
        ]
      },
      "properties": {
        "name": "Большая Иня",
        "place": "village",
        "osm_id": 897021255
      }
    },
    {
      "type": "Feature",
      "geometry": {
        "type": "Point",
        "coordinates": [
          92.44072,
          53.818592
        ]
      },
      "properties": {
        "name": "Шошино",
        "place": "village",
        "osm_id": 897021426
      }
    },
    {
      "type": "Feature",
      "geometry": {
        "type": "Point",
        "coordinates": [
          86.912712,
          54.462101
        ]
      },
      "properties": {
        "name": "Пермяки",
        "place": "village",
        "osm_id": 898001523
      }
    },
    {
      "type": "Feature",
      "geometry": {
        "type": "Point",
        "coordinates": [
          86.611259,
          54.432007
        ]
      },
      "properties": {
        "name": "Задубровский",
        "place": "hamlet",
        "osm_id": 898001524
      }
    },
    {
      "type": "Feature",
      "geometry": {
        "type": "Point",
        "coordinates": [
          86.514969,
          54.528042
        ]
      },
      "properties": {
        "name": "Заря",
        "place": "hamlet",
        "osm_id": 898001525
      }
    },
    {
      "type": "Feature",
      "geometry": {
        "type": "Point",
        "coordinates": [
          86.252815,
          54.210114
        ]
      },
      "properties": {
        "name": "Шестаки",
        "place": "village",
        "osm_id": 898001526
      }
    },
    {
      "type": "Feature",
      "geometry": {
        "type": "Point",
        "coordinates": [
          86.521919,
          54.396828
        ]
      },
      "properties": {
        "name": "Поморцево",
        "place": "village",
        "osm_id": 898001527
      }
    },
    {
      "type": "Feature",
      "geometry": {
        "type": "Point",
        "coordinates": [
          86.989746,
          54.390499
        ]
      },
      "properties": {
        "name": "Каралда",
        "place": "village",
        "osm_id": 898001528
      }
    },
    {
      "type": "Feature",
      "geometry": {
        "type": "Point",
        "coordinates": [
          86.36335,
          54.453457
        ]
      },
      "properties": {
        "name": "Осиновка",
        "place": "hamlet",
        "osm_id": 898001530
      }
    },
    {
      "type": "Feature",
      "geometry": {
        "type": "Point",
        "coordinates": [
          86.802017,
          54.606499
        ]
      },
      "properties": {
        "name": "Инюшка",
        "place": "village",
        "osm_id": 898001531
      }
    },
    {
      "type": "Feature",
      "geometry": {
        "type": "Point",
        "coordinates": [
          86.708687,
          54.393536
        ]
      },
      "properties": {
        "name": "Новый Каракан",
        "place": "village",
        "osm_id": 898001532
      }
    },
    {
      "type": "Feature",
      "geometry": {
        "type": "Point",
        "coordinates": [
          86.347168,
          54.256969
        ]
      },
      "properties": {
        "name": "Новобачаты",
        "place": "village",
        "osm_id": 898001538
      }
    },
    {
      "type": "Feature",
      "geometry": {
        "type": "Point",
        "coordinates": [
          86.929298,
          54.560814
        ]
      },
      "properties": {
        "name": "Рямовая",
        "place": "hamlet",
        "osm_id": 898001542
      }
    },
    {
      "type": "Feature",
      "geometry": {
        "type": "Point",
        "coordinates": [
          86.256317,
          54.375324
        ]
      },
      "properties": {
        "name": "Октябрьский",
        "place": "hamlet",
        "osm_id": 898001545
      }
    },
    {
      "type": "Feature",
      "geometry": {
        "type": "Point",
        "coordinates": [
          86.707985,
          54.468292
        ]
      },
      "properties": {
        "name": "Дунай-Ключ",
        "place": "village",
        "osm_id": 898001550
      }
    },
    {
      "type": "Feature",
      "geometry": {
        "type": "Point",
        "coordinates": [
          86.209732,
          54.497223
        ]
      },
      "properties": {
        "name": "Калиновка",
        "place": "hamlet",
        "osm_id": 898001554
      }
    },
    {
      "type": "Feature",
      "geometry": {
        "type": "Point",
        "coordinates": [
          86.541008,
          54.428291
        ]
      },
      "properties": {
        "name": "Камешек",
        "place": "hamlet",
        "osm_id": 898001558
      }
    },
    {
      "type": "Feature",
      "geometry": {
        "type": "Point",
        "coordinates": [
          86.8246,
          54.508743
        ]
      },
      "properties": {
        "name": "Новохудяково",
        "place": "hamlet",
        "osm_id": 898001561
      }
    },
    {
      "type": "Feature",
      "geometry": {
        "type": "Point",
        "coordinates": [
          86.477898,
          54.307652
        ]
      },
      "properties": {
        "name": "Степной",
        "place": "hamlet",
        "osm_id": 898001568
      }
    },
    {
      "type": "Feature",
      "geometry": {
        "type": "Point",
        "coordinates": [
          86.177834,
          54.197178
        ]
      },
      "properties": {
        "name": "Щебзавод",
        "place": "village",
        "osm_id": 898001574
      }
    },
    {
      "type": "Feature",
      "geometry": {
        "type": "Point",
        "coordinates": [
          86.717278,
          54.370323
        ]
      },
      "properties": {
        "name": "Новодубровка",
        "place": "hamlet",
        "osm_id": 898001578
      }
    },
    {
      "type": "Feature",
      "geometry": {
        "type": "Point",
        "coordinates": [
          86.309639,
          54.479538
        ]
      },
      "properties": {
        "name": "Убинский",
        "place": "village",
        "osm_id": 898001592
      }
    },
    {
      "type": "Feature",
      "geometry": {
        "type": "Point",
        "coordinates": [
          86.6774195,
          54.5218695
        ]
      },
      "properties": {
        "name": "Уроп",
        "place": "village",
        "osm_id": 898001596
      }
    },
    {
      "type": "Feature",
      "geometry": {
        "type": "Point",
        "coordinates": [
          86.347221,
          54.587914
        ]
      },
      "properties": {
        "name": "Мохово",
        "place": "village",
        "osm_id": 898001597
      }
    },
    {
      "type": "Feature",
      "geometry": {
        "type": "Point",
        "coordinates": [
          86.836967,
          53.531898
        ]
      },
      "properties": {
        "name": "Апанас",
        "place": "hamlet",
        "osm_id": 898409691
      }
    },
    {
      "type": "Feature",
      "geometry": {
        "type": "Point",
        "coordinates": [
          86.838959,
          53.561771
        ]
      },
      "properties": {
        "name": "Алексеевка",
        "place": "hamlet",
        "osm_id": 899409214
      }
    },
    {
      "type": "Feature",
      "geometry": {
        "type": "Point",
        "coordinates": [
          86.532585,
          54.829113
        ]
      },
      "properties": {
        "name": "Максимово",
        "place": "hamlet",
        "osm_id": 899635296
      }
    },
    {
      "type": "Feature",
      "geometry": {
        "type": "Point",
        "coordinates": [
          86.787529,
          54.872429
        ]
      },
      "properties": {
        "name": "Поперечное",
        "place": "hamlet",
        "osm_id": 899635316
      }
    },
    {
      "type": "Feature",
      "geometry": {
        "type": "Point",
        "coordinates": [
          86.476547,
          54.868237
        ]
      },
      "properties": {
        "name": "Бердюгино",
        "place": "hamlet",
        "osm_id": 899635318
      }
    },
    {
      "type": "Feature",
      "geometry": {
        "type": "Point",
        "coordinates": [
          87.5262889,
          54.8120095
        ]
      },
      "properties": {
        "name": "Медвежка",
        "place": "hamlet",
        "osm_id": 899635334
      }
    },
    {
      "type": "Feature",
      "geometry": {
        "type": "Point",
        "coordinates": [
          86.719566,
          54.955471
        ]
      },
      "properties": {
        "name": "Каменный",
        "place": "village",
        "osm_id": 899635342
      }
    },
    {
      "type": "Feature",
      "geometry": {
        "type": "Point",
        "coordinates": [
          86.47187,
          54.913464
        ]
      },
      "properties": {
        "name": "Ленинка",
        "place": "hamlet",
        "osm_id": 899635343
      }
    },
    {
      "type": "Feature",
      "geometry": {
        "type": "Point",
        "coordinates": [
          86.232101,
          54.963547
        ]
      },
      "properties": {
        "name": "Скарюпино",
        "place": "village",
        "osm_id": 899635345
      }
    },
    {
      "type": "Feature",
      "geometry": {
        "type": "Point",
        "coordinates": [
          86.84819,
          54.7757
        ]
      },
      "properties": {
        "name": "Ключи",
        "place": "village",
        "osm_id": 899635354
      }
    },
    {
      "type": "Feature",
      "geometry": {
        "type": "Point",
        "coordinates": [
          86.705849,
          54.799759
        ]
      },
      "properties": {
        "name": "Каменка",
        "place": "village",
        "osm_id": 899635356
      }
    },
    {
      "type": "Feature",
      "geometry": {
        "type": "Point",
        "coordinates": [
          86.831528,
          54.930344
        ]
      },
      "properties": {
        "name": "Междугорное",
        "place": "village",
        "osm_id": 899635359
      }
    },
    {
      "type": "Feature",
      "geometry": {
        "type": "Point",
        "coordinates": [
          86.263359,
          54.997761
        ]
      },
      "properties": {
        "name": "Красные Ключи",
        "place": "village",
        "osm_id": 899635365
      }
    },
    {
      "type": "Feature",
      "geometry": {
        "type": "Point",
        "coordinates": [
          86.191116,
          54.975975
        ]
      },
      "properties": {
        "name": "Барачаты",
        "place": "village",
        "osm_id": 899635381
      }
    },
    {
      "type": "Feature",
      "geometry": {
        "type": "Point",
        "coordinates": [
          86.170723,
          54.984852
        ]
      },
      "properties": {
        "name": "Кабаново",
        "place": "hamlet",
        "osm_id": 899635393
      }
    },
    {
      "type": "Feature",
      "geometry": {
        "type": "Point",
        "coordinates": [
          86.55851,
          54.808437
        ]
      },
      "properties": {
        "name": "Борисово",
        "place": "village",
        "osm_id": 899635400
      }
    },
    {
      "type": "Feature",
      "geometry": {
        "type": "Point",
        "coordinates": [
          86.581581,
          54.880028
        ]
      },
      "properties": {
        "name": "Перехляй",
        "place": "village",
        "osm_id": 899635401
      }
    },
    {
      "type": "Feature",
      "geometry": {
        "type": "Point",
        "coordinates": [
          86.876198,
          54.803707
        ]
      },
      "properties": {
        "name": "Арсеново",
        "place": "village",
        "osm_id": 899635404
      }
    },
    {
      "type": "Feature",
      "geometry": {
        "type": "Point",
        "coordinates": [
          86.679214,
          54.752506
        ]
      },
      "properties": {
        "name": "Тараданово",
        "place": "village",
        "osm_id": 899635411
      }
    },
    {
      "type": "Feature",
      "geometry": {
        "type": "Point",
        "coordinates": [
          86.60762,
          54.77478
        ]
      },
      "properties": {
        "name": "Долгополово",
        "place": "hamlet",
        "osm_id": 899635412
      }
    },
    {
      "type": "Feature",
      "geometry": {
        "type": "Point",
        "coordinates": [
          85.8932894,
          54.7054918
        ]
      },
      "properties": {
        "name": "Новопокасьма",
        "place": "village",
        "osm_id": 903481668
      }
    },
    {
      "type": "Feature",
      "geometry": {
        "type": "Point",
        "coordinates": [
          86.457855,
          54.659309
        ]
      },
      "properties": {
        "name": "Новопокровка",
        "place": "hamlet",
        "osm_id": 903481677
      }
    },
    {
      "type": "Feature",
      "geometry": {
        "type": "Point",
        "coordinates": [
          86.093971,
          54.636742
        ]
      },
      "properties": {
        "name": "Солнечный",
        "place": "hamlet",
        "osm_id": 903481692
      }
    },
    {
      "type": "Feature",
      "geometry": {
        "type": "Point",
        "coordinates": [
          86.081047,
          54.660366
        ]
      },
      "properties": {
        "name": "Горняк",
        "place": "hamlet",
        "osm_id": 903481700
      }
    },
    {
      "type": "Feature",
      "geometry": {
        "type": "Point",
        "coordinates": [
          85.615562,
          54.674416
        ]
      },
      "properties": {
        "name": "Шабаново",
        "place": "village",
        "osm_id": 903481707
      }
    },
    {
      "type": "Feature",
      "geometry": {
        "type": "Point",
        "coordinates": [
          86.105553,
          54.513912
        ]
      },
      "properties": {
        "name": "Русско-Урский",
        "place": "hamlet",
        "osm_id": 903481729
      }
    },
    {
      "type": "Feature",
      "geometry": {
        "type": "Point",
        "coordinates": [
          85.7753326,
          54.708725
        ]
      },
      "properties": {
        "name": "Мусохраново",
        "place": "village",
        "osm_id": 903481734
      }
    },
    {
      "type": "Feature",
      "geometry": {
        "type": "Point",
        "coordinates": [
          85.796303,
          54.61713
        ]
      },
      "properties": {
        "name": "Камышино",
        "place": "village",
        "osm_id": 903481760
      }
    },
    {
      "type": "Feature",
      "geometry": {
        "type": "Point",
        "coordinates": [
          86.044296,
          54.606956
        ]
      },
      "properties": {
        "name": "Новогородец",
        "place": "village",
        "osm_id": 903481768
      }
    },
    {
      "type": "Feature",
      "geometry": {
        "type": "Point",
        "coordinates": [
          86.08329,
          54.500946
        ]
      },
      "properties": {
        "name": "Павловка",
        "place": "hamlet",
        "osm_id": 903481794
      }
    },
    {
      "type": "Feature",
      "geometry": {
        "type": "Point",
        "coordinates": [
          85.6799742,
          54.625031
        ]
      },
      "properties": {
        "name": "Дружный",
        "place": "hamlet",
        "osm_id": 903481818
      }
    },
    {
      "type": "Feature",
      "geometry": {
        "type": "Point",
        "coordinates": [
          86.317245,
          54.698189
        ]
      },
      "properties": {
        "name": "Новогеоргиевка",
        "place": "village",
        "osm_id": 903481822
      }
    },
    {
      "type": "Feature",
      "geometry": {
        "type": "Point",
        "coordinates": [
          86.157982,
          54.561771
        ]
      },
      "properties": {
        "name": "Поречье",
        "place": "hamlet",
        "osm_id": 903481830
      }
    },
    {
      "type": "Feature",
      "geometry": {
        "type": "Point",
        "coordinates": [
          86.4734529,
          54.7037132
        ]
      },
      "properties": {
        "name": "Литвиновский",
        "place": "hamlet",
        "osm_id": 903481859
      }
    },
    {
      "type": "Feature",
      "geometry": {
        "type": "Point",
        "coordinates": [
          86.037697,
          54.761208
        ]
      },
      "properties": {
        "name": "Драченино",
        "place": "village",
        "osm_id": 903481866
      }
    },
    {
      "type": "Feature",
      "geometry": {
        "type": "Point",
        "coordinates": [
          86.138451,
          54.583015
        ]
      },
      "properties": {
        "name": "Свердловский",
        "place": "village",
        "osm_id": 903481874
      }
    },
    {
      "type": "Feature",
      "geometry": {
        "type": "Point",
        "coordinates": [
          86.125099,
          54.794586
        ]
      },
      "properties": {
        "name": "Раскатиха",
        "place": "hamlet",
        "osm_id": 903481898
      }
    },
    {
      "type": "Feature",
      "geometry": {
        "type": "Point",
        "coordinates": [
          86.064186,
          54.83046
        ]
      },
      "properties": {
        "name": "Трекино",
        "place": "hamlet",
        "osm_id": 903481910
      }
    },
    {
      "type": "Feature",
      "geometry": {
        "type": "Point",
        "coordinates": [
          86.229576,
          54.840572
        ]
      },
      "properties": {
        "name": "Новый",
        "place": "village",
        "osm_id": 903481916
      }
    },
    {
      "type": "Feature",
      "geometry": {
        "type": "Point",
        "coordinates": [
          85.924988,
          54.612045
        ]
      },
      "properties": {
        "name": "Мирный",
        "place": "village",
        "osm_id": 903481946
      }
    },
    {
      "type": "Feature",
      "geometry": {
        "type": "Point",
        "coordinates": [
          86.090752,
          54.825195
        ]
      },
      "properties": {
        "name": "Петровский",
        "place": "hamlet",
        "osm_id": 903481958
      }
    },
    {
      "type": "Feature",
      "geometry": {
        "type": "Point",
        "coordinates": [
          86.3965742,
          54.7150041
        ]
      },
      "properties": {
        "name": "Золотарёвский",
        "place": "hamlet",
        "osm_id": 903481967
      }
    },
    {
      "type": "Feature",
      "geometry": {
        "type": "Point",
        "coordinates": [
          86.080284,
          54.713676
        ]
      },
      "properties": {
        "name": "Новоильинский",
        "place": "hamlet",
        "osm_id": 903482001
      }
    },
    {
      "type": "Feature",
      "geometry": {
        "type": "Point",
        "coordinates": [
          86.249176,
          54.679626
        ]
      },
      "properties": {
        "name": "Нижегородка",
        "place": "hamlet",
        "osm_id": 903482020
      }
    },
    {
      "type": "Feature",
      "geometry": {
        "type": "Point",
        "coordinates": [
          86.323273,
          54.648109
        ]
      },
      "properties": {
        "name": "Красноярка",
        "place": "village",
        "osm_id": 903482029
      }
    },
    {
      "type": "Feature",
      "geometry": {
        "type": "Point",
        "coordinates": [
          85.999931,
          54.489502
        ]
      },
      "properties": {
        "name": "Подгорное",
        "place": "village",
        "osm_id": 903482040
      }
    },
    {
      "type": "Feature",
      "geometry": {
        "type": "Point",
        "coordinates": [
          86.027245,
          54.783966
        ]
      },
      "properties": {
        "name": "Школьный",
        "place": "hamlet",
        "osm_id": 903482069
      }
    },
    {
      "type": "Feature",
      "geometry": {
        "type": "Point",
        "coordinates": [
          86.100929,
          54.651913
        ]
      },
      "properties": {
        "name": "Новокамышинский",
        "place": "hamlet",
        "osm_id": 903482074
      }
    },
    {
      "type": "Feature",
      "geometry": {
        "type": "Point",
        "coordinates": [
          86.040161,
          54.816643
        ]
      },
      "properties": {
        "name": "Худяшово",
        "place": "village",
        "osm_id": 903482083
      }
    },
    {
      "type": "Feature",
      "geometry": {
        "type": "Point",
        "coordinates": [
          86.038712,
          54.728531
        ]
      },
      "properties": {
        "name": "Сапогово",
        "place": "hamlet",
        "osm_id": 903482107
      }
    },
    {
      "type": "Feature",
      "geometry": {
        "type": "Point",
        "coordinates": [
          85.66848,
          54.552456
        ]
      },
      "properties": {
        "name": "Покровка",
        "place": "hamlet",
        "osm_id": 903482117
      }
    },
    {
      "type": "Feature",
      "geometry": {
        "type": "Point",
        "coordinates": [
          86.1115344,
          54.71335
        ]
      },
      "properties": {
        "name": "Егозово",
        "place": "hamlet",
        "osm_id": 903482125
      }
    },
    {
      "type": "Feature",
      "geometry": {
        "type": "Point",
        "coordinates": [
          86.494141,
          53.895531
        ]
      },
      "properties": {
        "name": "Большой Керлегеш",
        "place": "village",
        "osm_id": 903874610
      }
    },
    {
      "type": "Feature",
      "geometry": {
        "type": "Point",
        "coordinates": [
          86.72274,
          53.830406
        ]
      },
      "properties": {
        "name": "Индустрия",
        "place": "village",
        "osm_id": 903874613
      }
    },
    {
      "type": "Feature",
      "geometry": {
        "type": "Point",
        "coordinates": [
          86.735893,
          53.717159
        ]
      },
      "properties": {
        "name": "Новый Путь",
        "place": "hamlet",
        "osm_id": 903874614
      }
    },
    {
      "type": "Feature",
      "geometry": {
        "type": "Point",
        "coordinates": [
          86.606064,
          53.925385
        ]
      },
      "properties": {
        "name": "Верх-Егос",
        "place": "village",
        "osm_id": 903874624
      }
    },
    {
      "type": "Feature",
      "geometry": {
        "type": "Point",
        "coordinates": [
          86.747742,
          53.767906
        ]
      },
      "properties": {
        "name": "Новорождественское",
        "place": "hamlet",
        "osm_id": 903874629
      }
    },
    {
      "type": "Feature",
      "geometry": {
        "type": "Point",
        "coordinates": [
          86.560562,
          53.879818
        ]
      },
      "properties": {
        "name": "Свободный",
        "place": "village",
        "osm_id": 903874635
      }
    },
    {
      "type": "Feature",
      "geometry": {
        "type": "Point",
        "coordinates": [
          86.374565,
          53.980251
        ]
      },
      "properties": {
        "name": "Алексеевка",
        "place": "hamlet",
        "osm_id": 903874639
      }
    },
    {
      "type": "Feature",
      "geometry": {
        "type": "Point",
        "coordinates": [
          86.805946,
          54.022526
        ]
      },
      "properties": {
        "name": "Егултыс",
        "place": "hamlet",
        "osm_id": 903874659
      }
    },
    {
      "type": "Feature",
      "geometry": {
        "type": "Point",
        "coordinates": [
          86.8567604,
          53.962915
        ]
      },
      "properties": {
        "name": "Ключи",
        "place": "hamlet",
        "osm_id": 903874669
      }
    },
    {
      "type": "Feature",
      "geometry": {
        "type": "Point",
        "coordinates": [
          86.896828,
          54.194633
        ]
      },
      "properties": {
        "name": "Соколово",
        "place": "village",
        "osm_id": 903874681
      }
    },
    {
      "type": "Feature",
      "geometry": {
        "type": "Point",
        "coordinates": [
          86.6057725,
          53.844315
        ]
      },
      "properties": {
        "name": "Новосафоновский",
        "place": "village",
        "osm_id": 903874686
      }
    },
    {
      "type": "Feature",
      "geometry": {
        "type": "Point",
        "coordinates": [
          86.5832585,
          53.8230377
        ]
      },
      "properties": {
        "name": "Смышляево",
        "place": "village",
        "osm_id": 903874703
      }
    },
    {
      "type": "Feature",
      "geometry": {
        "type": "Point",
        "coordinates": [
          86.689301,
          54.144283
        ]
      },
      "properties": {
        "name": "Бурлаки",
        "place": "village",
        "osm_id": 903874708
      }
    },
    {
      "type": "Feature",
      "geometry": {
        "type": "Point",
        "coordinates": [
          86.861053,
          53.935207
        ]
      },
      "properties": {
        "name": "Первомайский",
        "place": "hamlet",
        "osm_id": 903874721
      }
    },
    {
      "type": "Feature",
      "geometry": {
        "type": "Point",
        "coordinates": [
          87.078911,
          54.269878
        ]
      },
      "properties": {
        "name": "Кыргай",
        "place": "hamlet",
        "osm_id": 903874726
      }
    },
    {
      "type": "Feature",
      "geometry": {
        "type": "Point",
        "coordinates": [
          86.866653,
          54.1213
        ]
      },
      "properties": {
        "name": "Кольчегиз",
        "place": "village",
        "osm_id": 903874737
      }
    },
    {
      "type": "Feature",
      "geometry": {
        "type": "Point",
        "coordinates": [
          86.48246,
          53.91338
        ]
      },
      "properties": {
        "name": "Красная Поляна",
        "place": "village",
        "osm_id": 903874745
      }
    },
    {
      "type": "Feature",
      "geometry": {
        "type": "Point",
        "coordinates": [
          86.9048769,
          53.8395088
        ]
      },
      "properties": {
        "name": "Лучшево",
        "place": "village",
        "osm_id": 903874751
      }
    },
    {
      "type": "Feature",
      "geometry": {
        "type": "Point",
        "coordinates": [
          86.1643705,
          54.069589
        ]
      },
      "properties": {
        "name": "Оселки",
        "place": "hamlet",
        "osm_id": 903874762
      }
    },
    {
      "type": "Feature",
      "geometry": {
        "type": "Point",
        "coordinates": [
          86.7971074,
          54.1922589
        ]
      },
      "properties": {
        "name": "Пушкино",
        "place": "hamlet",
        "osm_id": 903874773
      }
    },
    {
      "type": "Feature",
      "geometry": {
        "type": "Point",
        "coordinates": [
          86.390839,
          54.005478
        ]
      },
      "properties": {
        "name": "Малиновка",
        "place": "hamlet",
        "osm_id": 903874777
      }
    },
    {
      "type": "Feature",
      "geometry": {
        "type": "Point",
        "coordinates": [
          86.492264,
          53.864063
        ]
      },
      "properties": {
        "name": "Новостройка",
        "place": "village",
        "osm_id": 903874790
      }
    },
    {
      "type": "Feature",
      "geometry": {
        "type": "Point",
        "coordinates": [
          86.360275,
          54.047287
        ]
      },
      "properties": {
        "name": "Михайловка",
        "place": "village",
        "osm_id": 903874796
      }
    },
    {
      "type": "Feature",
      "geometry": {
        "type": "Point",
        "coordinates": [
          86.78302,
          54.266342
        ]
      },
      "properties": {
        "name": "Октябрьский",
        "place": "village",
        "osm_id": 903874798
      }
    },
    {
      "type": "Feature",
      "geometry": {
        "type": "Point",
        "coordinates": [
          86.902702,
          53.91296
        ]
      },
      "properties": {
        "name": "Шарап",
        "place": "village",
        "osm_id": 903874800
      }
    },
    {
      "type": "Feature",
      "geometry": {
        "type": "Point",
        "coordinates": [
          86.192955,
          54.100811
        ]
      },
      "properties": {
        "name": "Еловка",
        "place": "hamlet",
        "osm_id": 903874806
      }
    },
    {
      "type": "Feature",
      "geometry": {
        "type": "Point",
        "coordinates": [
          86.331604,
          54.082134
        ]
      },
      "properties": {
        "name": "Канаш",
        "place": "hamlet",
        "osm_id": 903874809
      }
    },
    {
      "type": "Feature",
      "geometry": {
        "type": "Point",
        "coordinates": [
          86.523453,
          53.951107
        ]
      },
      "properties": {
        "name": "Центральный",
        "place": "hamlet",
        "osm_id": 903874822
      }
    },
    {
      "type": "Feature",
      "geometry": {
        "type": "Point",
        "coordinates": [
          86.719025,
          54.054279
        ]
      },
      "properties": {
        "name": "Севск",
        "place": "village",
        "osm_id": 903874826
      }
    },
    {
      "type": "Feature",
      "geometry": {
        "type": "Point",
        "coordinates": [
          86.950226,
          54.174789
        ]
      },
      "properties": {
        "name": "Октябрь",
        "place": "hamlet",
        "osm_id": 903874839
      }
    },
    {
      "type": "Feature",
      "geometry": {
        "type": "Point",
        "coordinates": [
          86.8889635,
          53.988255
        ]
      },
      "properties": {
        "name": "Плодопитомник",
        "place": "village",
        "osm_id": 903874842
      }
    },
    {
      "type": "Feature",
      "geometry": {
        "type": "Point",
        "coordinates": [
          86.651443,
          54.196156
        ]
      },
      "properties": {
        "name": "Ивановка",
        "place": "hamlet",
        "osm_id": 903874847
      }
    },
    {
      "type": "Feature",
      "geometry": {
        "type": "Point",
        "coordinates": [
          86.555199,
          54.1721
        ]
      },
      "properties": {
        "name": "Карагайла",
        "place": "village",
        "osm_id": 903874859
      }
    },
    {
      "type": "Feature",
      "geometry": {
        "type": "Point",
        "coordinates": [
          86.709221,
          54.220104
        ]
      },
      "properties": {
        "name": "Лукьяновка",
        "place": "hamlet",
        "osm_id": 903874866
      }
    },
    {
      "type": "Feature",
      "geometry": {
        "type": "Point",
        "coordinates": [
          86.688599,
          54.094521
        ]
      },
      "properties": {
        "name": "Кутоново",
        "place": "hamlet",
        "osm_id": 903874871
      }
    },
    {
      "type": "Feature",
      "geometry": {
        "type": "Point",
        "coordinates": [
          86.680717,
          54.251328
        ]
      },
      "properties": {
        "name": "Антоновка",
        "place": "hamlet",
        "osm_id": 903874887
      }
    },
    {
      "type": "Feature",
      "geometry": {
        "type": "Point",
        "coordinates": [
          86.578629,
          54.235355
        ]
      },
      "properties": {
        "name": "Тихоновка",
        "place": "village",
        "osm_id": 903874889
      }
    },
    {
      "type": "Feature",
      "geometry": {
        "type": "Point",
        "coordinates": [
          86.806892,
          54.140015
        ]
      },
      "properties": {
        "name": "Чапаевский",
        "place": "hamlet",
        "osm_id": 903874896
      }
    },
    {
      "type": "Feature",
      "geometry": {
        "type": "Point",
        "coordinates": [
          86.960693,
          54.130859
        ]
      },
      "properties": {
        "name": "Тихоновка",
        "place": "hamlet",
        "osm_id": 903874898
      }
    },
    {
      "type": "Feature",
      "geometry": {
        "type": "Point",
        "coordinates": [
          86.829109,
          54.100632
        ]
      },
      "properties": {
        "name": "Ускатский",
        "place": "hamlet",
        "osm_id": 903874901
      }
    },
    {
      "type": "Feature",
      "geometry": {
        "type": "Point",
        "coordinates": [
          86.885094,
          53.746452
        ]
      },
      "properties": {
        "name": "Матюшино",
        "place": "hamlet",
        "osm_id": 903874911
      }
    },
    {
      "type": "Feature",
      "geometry": {
        "type": "Point",
        "coordinates": [
          86.6232236,
          53.742132
        ]
      },
      "properties": {
        "name": "Верх-Тереш",
        "place": "hamlet",
        "osm_id": 903874926
      }
    },
    {
      "type": "Feature",
      "geometry": {
        "type": "Point",
        "coordinates": [
          86.918686,
          54.246418
        ]
      },
      "properties": {
        "name": "Котино",
        "place": "village",
        "osm_id": 903874948
      }
    },
    {
      "type": "Feature",
      "geometry": {
        "type": "Point",
        "coordinates": [
          86.60408,
          53.72345
        ]
      },
      "properties": {
        "name": "Нижний Тереш",
        "place": "hamlet",
        "osm_id": 903874951
      }
    },
    {
      "type": "Feature",
      "geometry": {
        "type": "Point",
        "coordinates": [
          86.383568,
          54.059406
        ]
      },
      "properties": {
        "name": "Инченково",
        "place": "hamlet",
        "osm_id": 903874962
      }
    },
    {
      "type": "Feature",
      "geometry": {
        "type": "Point",
        "coordinates": [
          86.14579,
          54.104118
        ]
      },
      "properties": {
        "name": "Каменный Ключ",
        "place": "village",
        "osm_id": 903874984
      }
    },
    {
      "type": "Feature",
      "geometry": {
        "type": "Point",
        "coordinates": [
          86.451042,
          54.008224
        ]
      },
      "properties": {
        "name": "Иганино",
        "place": "hamlet",
        "osm_id": 903875016
      }
    },
    {
      "type": "Feature",
      "geometry": {
        "type": "Point",
        "coordinates": [
          86.821915,
          54.003143
        ]
      },
      "properties": {
        "name": "Школьный",
        "place": "village",
        "osm_id": 903875021
      }
    },
    {
      "type": "Feature",
      "geometry": {
        "type": "Point",
        "coordinates": [
          86.275734,
          54.086823
        ]
      },
      "properties": {
        "name": "Кара-Чумыш",
        "place": "hamlet",
        "osm_id": 903875030
      }
    },
    {
      "type": "Feature",
      "geometry": {
        "type": "Point",
        "coordinates": [
          86.765625,
          54.005802
        ]
      },
      "properties": {
        "name": "Маяковка",
        "place": "hamlet",
        "osm_id": 903875045
      }
    },
    {
      "type": "Feature",
      "geometry": {
        "type": "Point",
        "coordinates": [
          86.5185551,
          53.8268261
        ]
      },
      "properties": {
        "name": "Чистугаш",
        "place": "hamlet",
        "osm_id": 903875049
      }
    },
    {
      "type": "Feature",
      "geometry": {
        "type": "Point",
        "coordinates": [
          86.534645,
          53.781498
        ]
      },
      "properties": {
        "name": "Кара-Чумыш",
        "place": "hamlet",
        "osm_id": 903875062
      }
    },
    {
      "type": "Feature",
      "geometry": {
        "type": "Point",
        "coordinates": [
          88.3148037,
          52.7615494
        ]
      },
      "properties": {
        "name": "Усть-Карагол",
        "place": "hamlet",
        "osm_id": 904046455
      }
    },
    {
      "type": "Feature",
      "geometry": {
        "type": "Point",
        "coordinates": [
          88.1722544,
          52.7935352
        ]
      },
      "properties": {
        "name": "Джелсай",
        "place": "hamlet",
        "osm_id": 904046458
      }
    },
    {
      "type": "Feature",
      "geometry": {
        "type": "Point",
        "coordinates": [
          87.125938,
          52.778378
        ]
      },
      "properties": {
        "name": "Карагол",
        "place": "hamlet",
        "osm_id": 904046459
      }
    },
    {
      "type": "Feature",
      "geometry": {
        "type": "Point",
        "coordinates": [
          87.0044276,
          52.7816873
        ]
      },
      "properties": {
        "name": "Луговской",
        "place": "hamlet",
        "osm_id": 904046460
      }
    },
    {
      "type": "Feature",
      "geometry": {
        "type": "Point",
        "coordinates": [
          88.2375455,
          53.0357957
        ]
      },
      "properties": {
        "name": "Суета",
        "place": "hamlet",
        "osm_id": 904046463
      }
    },
    {
      "type": "Feature",
      "geometry": {
        "type": "Point",
        "coordinates": [
          88.3623481,
          52.6847621
        ]
      },
      "properties": {
        "name": "Чилису-Анзас",
        "place": "hamlet",
        "osm_id": 904046464
      }
    },
    {
      "type": "Feature",
      "geometry": {
        "type": "Point",
        "coordinates": [
          88.0474653,
          53.0822022
        ]
      },
      "properties": {
        "name": "Викторьевка",
        "place": "hamlet",
        "osm_id": 904046465
      }
    },
    {
      "type": "Feature",
      "geometry": {
        "type": "Point",
        "coordinates": [
          88.317909,
          52.803837
        ]
      },
      "properties": {
        "name": "Усть-Кезес",
        "place": "hamlet",
        "osm_id": 904046468
      }
    },
    {
      "type": "Feature",
      "geometry": {
        "type": "Point",
        "coordinates": [
          87.61187,
          52.888298
        ]
      },
      "properties": {
        "name": "Базанча",
        "place": "village",
        "osm_id": 904046470
      }
    },
    {
      "type": "Feature",
      "geometry": {
        "type": "Point",
        "coordinates": [
          88.0493536,
          52.6305405
        ]
      },
      "properties": {
        "name": "Малый Лабыш",
        "place": "hamlet",
        "osm_id": 904046472
      }
    },
    {
      "type": "Feature",
      "geometry": {
        "type": "Point",
        "coordinates": [
          87.3532491,
          53.1324864
        ]
      },
      "properties": {
        "name": "Сухаринка",
        "place": "hamlet",
        "osm_id": 904046473
      }
    },
    {
      "type": "Feature",
      "geometry": {
        "type": "Point",
        "coordinates": [
          88.049698,
          52.541859
        ]
      },
      "properties": {
        "name": "Чулеш",
        "place": "hamlet",
        "osm_id": 904046475
      }
    },
    {
      "type": "Feature",
      "geometry": {
        "type": "Point",
        "coordinates": [
          87.5729454,
          52.9184794
        ]
      },
      "properties": {
        "name": "Калары",
        "place": "village",
        "osm_id": 904046476
      }
    },
    {
      "type": "Feature",
      "geometry": {
        "type": "Point",
        "coordinates": [
          88.2690882,
          52.4852546
        ]
      },
      "properties": {
        "name": "Верхний Таймет",
        "place": "hamlet",
        "osm_id": 904046478
      }
    },
    {
      "type": "Feature",
      "geometry": {
        "type": "Point",
        "coordinates": [
          86.935822,
          53.724277
        ]
      },
      "properties": {
        "name": "Рассвет",
        "place": "village",
        "osm_id": 905128715
      }
    },
    {
      "type": "Feature",
      "geometry": {
        "type": "Point",
        "coordinates": [
          86.866562,
          53.573742
        ]
      },
      "properties": {
        "name": "Ананьино",
        "place": "hamlet",
        "osm_id": 905128717
      }
    },
    {
      "type": "Feature",
      "geometry": {
        "type": "Point",
        "coordinates": [
          86.8938051,
          53.3085304
        ]
      },
      "properties": {
        "name": "Шарово",
        "place": "hamlet",
        "osm_id": 905128718
      }
    },
    {
      "type": "Feature",
      "geometry": {
        "type": "Point",
        "coordinates": [
          87.206154,
          53.639267
        ]
      },
      "properties": {
        "name": "Куртуково",
        "place": "village",
        "osm_id": 905128719
      }
    },
    {
      "type": "Feature",
      "geometry": {
        "type": "Point",
        "coordinates": [
          87.038979,
          53.153645
        ]
      },
      "properties": {
        "name": "Лыс",
        "place": "village",
        "osm_id": 905128721
      }
    },
    {
      "type": "Feature",
      "geometry": {
        "type": "Point",
        "coordinates": [
          87.6239893,
          54.3678694
        ]
      },
      "properties": {
        "name": "Мутный",
        "place": "hamlet",
        "osm_id": 905128723
      }
    },
    {
      "type": "Feature",
      "geometry": {
        "type": "Point",
        "coordinates": [
          86.678986,
          53.631226
        ]
      },
      "properties": {
        "name": "Красный Холм",
        "place": "hamlet",
        "osm_id": 905128724
      }
    },
    {
      "type": "Feature",
      "geometry": {
        "type": "Point",
        "coordinates": [
          87.387579,
          53.7825768
        ]
      },
      "properties": {
        "name": "Атаманово",
        "place": "village",
        "osm_id": 905128726
      }
    },
    {
      "type": "Feature",
      "geometry": {
        "type": "Point",
        "coordinates": [
          87.210823,
          53.277893
        ]
      },
      "properties": {
        "name": "Усть-Тала",
        "place": "hamlet",
        "osm_id": 905128727
      }
    },
    {
      "type": "Feature",
      "geometry": {
        "type": "Point",
        "coordinates": [
          86.929749,
          53.273609
        ]
      },
      "properties": {
        "name": "Кандалеп",
        "place": "hamlet",
        "osm_id": 905128728
      }
    },
    {
      "type": "Feature",
      "geometry": {
        "type": "Point",
        "coordinates": [
          87.43853,
          53.897438
        ]
      },
      "properties": {
        "name": "Есаулка",
        "place": "hamlet",
        "osm_id": 905128730
      }
    },
    {
      "type": "Feature",
      "geometry": {
        "type": "Point",
        "coordinates": [
          86.8986432,
          53.2149422
        ]
      },
      "properties": {
        "name": "Мунай",
        "place": "hamlet",
        "osm_id": 905128731
      }
    },
    {
      "type": "Feature",
      "geometry": {
        "type": "Point",
        "coordinates": [
          87.51976,
          54.122925
        ]
      },
      "properties": {
        "name": "Краснознаменка",
        "place": "hamlet",
        "osm_id": 905128733
      }
    },
    {
      "type": "Feature",
      "geometry": {
        "type": "Point",
        "coordinates": [
          86.994362,
          53.089993
        ]
      },
      "properties": {
        "name": "Большая Сулага",
        "place": "hamlet",
        "osm_id": 905128735
      }
    },
    {
      "type": "Feature",
      "geometry": {
        "type": "Point",
        "coordinates": [
          87.12661,
          53.855629
        ]
      },
      "properties": {
        "name": "Бедарево",
        "place": "village",
        "osm_id": 905128737
      }
    },
    {
      "type": "Feature",
      "geometry": {
        "type": "Point",
        "coordinates": [
          86.799026,
          53.462486
        ]
      },
      "properties": {
        "name": "Мостовая",
        "place": "hamlet",
        "osm_id": 905128739
      }
    },
    {
      "type": "Feature",
      "geometry": {
        "type": "Point",
        "coordinates": [
          86.827049,
          53.636299
        ]
      },
      "properties": {
        "name": "Костенково",
        "place": "village",
        "osm_id": 905128740
      }
    },
    {
      "type": "Feature",
      "geometry": {
        "type": "Point",
        "coordinates": [
          87.262169,
          53.631451
        ]
      },
      "properties": {
        "name": "Ашмарино",
        "place": "village",
        "osm_id": 905128742
      }
    },
    {
      "type": "Feature",
      "geometry": {
        "type": "Point",
        "coordinates": [
          86.708221,
          53.683647
        ]
      },
      "properties": {
        "name": "Таловая",
        "place": "hamlet",
        "osm_id": 905128743
      }
    },
    {
      "type": "Feature",
      "geometry": {
        "type": "Point",
        "coordinates": [
          87.453751,
          54.082523
        ]
      },
      "properties": {
        "name": "Ерунаково",
        "place": "hamlet",
        "osm_id": 905128745
      }
    },
    {
      "type": "Feature",
      "geometry": {
        "type": "Point",
        "coordinates": [
          86.926323,
          53.237438
        ]
      },
      "properties": {
        "name": "Урнас",
        "place": "hamlet",
        "osm_id": 905128747
      }
    },
    {
      "type": "Feature",
      "geometry": {
        "type": "Point",
        "coordinates": [
          87.163513,
          53.900764
        ]
      },
      "properties": {
        "name": "Ильинка",
        "place": "village",
        "osm_id": 905150559
      }
    },
    {
      "type": "Feature",
      "geometry": {
        "type": "Point",
        "coordinates": [
          86.270058,
          54.116268
        ]
      },
      "properties": {
        "name": "Артышта",
        "place": "village",
        "osm_id": 909542254
      }
    },
    {
      "type": "Feature",
      "geometry": {
        "type": "Point",
        "coordinates": [
          87.209396,
          53.812115
        ]
      },
      "properties": {
        "name": "Кругленькое",
        "place": "village",
        "osm_id": 909870387
      }
    },
    {
      "type": "Feature",
      "geometry": {
        "type": "Point",
        "coordinates": [
          87.063148,
          54.823547
        ]
      },
      "properties": {
        "name": "Салтымаково",
        "place": "hamlet",
        "osm_id": 912080620
      }
    },
    {
      "type": "Feature",
      "geometry": {
        "type": "Point",
        "coordinates": [
          85.6380293,
          54.918655
        ]
      },
      "properties": {
        "name": "Промышленная",
        "place": "town",
        "osm_id": 919568369
      }
    },
    {
      "type": "Feature",
      "geometry": {
        "type": "Point",
        "coordinates": [
          90.11293,
          53.209892
        ]
      },
      "properties": {
        "name": "Анчыл-Чон",
        "place": "hamlet",
        "osm_id": 920376033
      }
    },
    {
      "type": "Feature",
      "geometry": {
        "type": "Point",
        "coordinates": [
          85.7367825,
          54.4445933
        ]
      },
      "properties": {
        "name": "Новопестерево",
        "place": "village",
        "osm_id": 920590040
      }
    },
    {
      "type": "Feature",
      "geometry": {
        "type": "Point",
        "coordinates": [
          87.523636,
          54.493626
        ]
      },
      "properties": {
        "name": "Ячменюха",
        "place": "hamlet",
        "osm_id": 920592394
      }
    },
    {
      "type": "Feature",
      "geometry": {
        "type": "Point",
        "coordinates": [
          87.726936,
          53.491512
        ]
      },
      "properties": {
        "name": "Чуазас",
        "place": "hamlet",
        "osm_id": 942819322
      }
    },
    {
      "type": "Feature",
      "geometry": {
        "type": "Point",
        "coordinates": [
          87.7484839,
          53.7391116
        ]
      },
      "properties": {
        "name": "Бородино",
        "place": "village",
        "osm_id": 942819325
      }
    },
    {
      "type": "Feature",
      "geometry": {
        "type": "Point",
        "coordinates": [
          87.8223896,
          53.7955497
        ]
      },
      "properties": {
        "name": "Сельхоз",
        "place": "hamlet",
        "osm_id": 942819328
      }
    },
    {
      "type": "Feature",
      "geometry": {
        "type": "Point",
        "coordinates": [
          87.8478713,
          53.4598815
        ]
      },
      "properties": {
        "name": "Тоз",
        "place": "hamlet",
        "osm_id": 942819336
      }
    },
    {
      "type": "Feature",
      "geometry": {
        "type": "Point",
        "coordinates": [
          87.6403515,
          53.795976
        ]
      },
      "properties": {
        "name": "Кольчезас",
        "place": "hamlet",
        "osm_id": 942819339
      }
    },
    {
      "type": "Feature",
      "geometry": {
        "type": "Point",
        "coordinates": [
          87.8422915,
          53.6065983
        ]
      },
      "properties": {
        "name": "Казас",
        "place": "hamlet",
        "osm_id": 942819341
      }
    },
    {
      "type": "Feature",
      "geometry": {
        "type": "Point",
        "coordinates": [
          87.7938834,
          53.5744182
        ]
      },
      "properties": {
        "name": "Камешек",
        "place": "hamlet",
        "osm_id": 942819343
      }
    },
    {
      "type": "Feature",
      "geometry": {
        "type": "Point",
        "coordinates": [
          87.662628,
          53.76976
        ]
      },
      "properties": {
        "name": "Подобас",
        "place": "village",
        "osm_id": 942819344
      }
    },
    {
      "type": "Feature",
      "geometry": {
        "type": "Point",
        "coordinates": [
          86.5721948,
          54.0362387
        ]
      },
      "properties": {
        "name": "Октябринка",
        "place": "hamlet",
        "osm_id": 942830615
      }
    },
    {
      "type": "Feature",
      "geometry": {
        "type": "Point",
        "coordinates": [
          86.611023,
          54.14595
        ]
      },
      "properties": {
        "name": "Карагайлинский",
        "place": "village",
        "osm_id": 942830616
      }
    },
    {
      "type": "Feature",
      "geometry": {
        "type": "Point",
        "coordinates": [
          86.4657558,
          53.9621039
        ]
      },
      "properties": {
        "name": "Верх-Чумыш",
        "place": "village",
        "osm_id": 942830617
      }
    },
    {
      "type": "Feature",
      "geometry": {
        "type": "Point",
        "coordinates": [
          86.3722183,
          54.4985749
        ]
      },
      "properties": {
        "name": "Грамотеино",
        "place": "town",
        "osm_id": 943092732
      }
    },
    {
      "type": "Feature",
      "geometry": {
        "type": "Point",
        "coordinates": [
          86.1066774,
          54.6205877
        ]
      },
      "properties": {
        "name": "Индустрия",
        "place": "hamlet",
        "osm_id": 943092734
      }
    },
    {
      "type": "Feature",
      "geometry": {
        "type": "Point",
        "coordinates": [
          86.2946111,
          54.3055062
        ]
      },
      "properties": {
        "name": "Новый Городок",
        "place": "town",
        "osm_id": 943092737
      }
    },
    {
      "type": "Feature",
      "geometry": {
        "type": "Point",
        "coordinates": [
          86.2434296,
          54.3137545
        ]
      },
      "properties": {
        "name": "Заречное",
        "place": "village",
        "osm_id": 943092739
      }
    },
    {
      "type": "Feature",
      "geometry": {
        "type": "Point",
        "coordinates": [
          91.274117,
          54.931484
        ]
      },
      "properties": {
        "name": "Чёрная Кома",
        "place": "hamlet",
        "osm_id": 943426493
      }
    },
    {
      "type": "Feature",
      "geometry": {
        "type": "Point",
        "coordinates": [
          91.049149,
          54.86969
        ]
      },
      "properties": {
        "name": "Анаш",
        "place": "village",
        "osm_id": 943426499
      }
    },
    {
      "type": "Feature",
      "geometry": {
        "type": "Point",
        "coordinates": [
          91.164322,
          54.893154
        ]
      },
      "properties": {
        "name": "Тальцы",
        "place": "hamlet",
        "osm_id": 943426501
      }
    },
    {
      "type": "Feature",
      "geometry": {
        "type": "Point",
        "coordinates": [
          90.753609,
          54.966999
        ]
      },
      "properties": {
        "name": "Толстый Мыс",
        "place": "village",
        "osm_id": 943426510
      }
    },
    {
      "type": "Feature",
      "geometry": {
        "type": "Point",
        "coordinates": [
          91.315132,
          54.901943
        ]
      },
      "properties": {
        "name": "Бескиш",
        "place": "hamlet",
        "osm_id": 943426514
      }
    },
    {
      "type": "Feature",
      "geometry": {
        "type": "Point",
        "coordinates": [
          90.992813,
          54.900875
        ]
      },
      "properties": {
        "name": "Зеленоборск",
        "place": "hamlet",
        "osm_id": 943426515
      }
    },
    {
      "type": "Feature",
      "geometry": {
        "type": "Point",
        "coordinates": [
          90.590324,
          54.955624
        ]
      },
      "properties": {
        "name": "Интикуль",
        "place": "village",
        "osm_id": 943426536
      }
    },
    {
      "type": "Feature",
      "geometry": {
        "type": "Point",
        "coordinates": [
          91.079956,
          54.810879
        ]
      },
      "properties": {
        "name": "Табажак",
        "place": "hamlet",
        "osm_id": 943426539
      }
    },
    {
      "type": "Feature",
      "geometry": {
        "type": "Point",
        "coordinates": [
          90.982521,
          54.75108
        ]
      },
      "properties": {
        "name": "Приморский",
        "place": "hamlet",
        "osm_id": 943426541
      }
    },
    {
      "type": "Feature",
      "geometry": {
        "type": "Point",
        "coordinates": [
          91.415001,
          54.911186
        ]
      },
      "properties": {
        "name": "Кульчек",
        "place": "village",
        "osm_id": 943426560
      }
    },
    {
      "type": "Feature",
      "geometry": {
        "type": "Point",
        "coordinates": [
          91.088997,
          54.744198
        ]
      },
      "properties": {
        "name": "Тесь",
        "place": "hamlet",
        "osm_id": 943426562
      }
    },
    {
      "type": "Feature",
      "geometry": {
        "type": "Point",
        "coordinates": [
          91.18232,
          54.815712
        ]
      },
      "properties": {
        "name": "Куллог",
        "place": "hamlet",
        "osm_id": 943426570
      }
    },
    {
      "type": "Feature",
      "geometry": {
        "type": "Point",
        "coordinates": [
          92.145218,
          54.956154
        ]
      },
      "properties": {
        "name": "Берёзовая",
        "place": "hamlet",
        "osm_id": 943515796
      }
    },
    {
      "type": "Feature",
      "geometry": {
        "type": "Point",
        "coordinates": [
          86.979248,
          53.628208
        ]
      },
      "properties": {
        "name": "Калмыковский",
        "place": "hamlet",
        "osm_id": 944173259
      }
    },
    {
      "type": "Feature",
      "geometry": {
        "type": "Point",
        "coordinates": [
          87.3753017,
          53.9611268
        ]
      },
      "properties": {
        "name": "Чистогорский",
        "place": "village",
        "osm_id": 944173450
      }
    },
    {
      "type": "Feature",
      "geometry": {
        "type": "Point",
        "coordinates": [
          87.008667,
          53.627708
        ]
      },
      "properties": {
        "name": "Михайловка",
        "place": "hamlet",
        "osm_id": 944173669
      }
    },
    {
      "type": "Feature",
      "geometry": {
        "type": "Point",
        "coordinates": [
          86.933632,
          53.596649
        ]
      },
      "properties": {
        "name": "Новый Урал",
        "place": "hamlet",
        "osm_id": 944173769
      }
    },
    {
      "type": "Feature",
      "geometry": {
        "type": "Point",
        "coordinates": [
          87.029869,
          53.608017
        ]
      },
      "properties": {
        "name": "Учул",
        "place": "hamlet",
        "osm_id": 944173827
      }
    },
    {
      "type": "Feature",
      "geometry": {
        "type": "Point",
        "coordinates": [
          87.342735,
          53.961102
        ]
      },
      "properties": {
        "name": "Сидорово",
        "place": "village",
        "osm_id": 944173840
      }
    },
    {
      "type": "Feature",
      "geometry": {
        "type": "Point",
        "coordinates": [
          87.242859,
          53.934383
        ]
      },
      "properties": {
        "name": "Шорохово",
        "place": "hamlet",
        "osm_id": 944173878
      }
    },
    {
      "type": "Feature",
      "geometry": {
        "type": "Point",
        "coordinates": [
          85.798386,
          54.232521
        ]
      },
      "properties": {
        "name": "Салаир",
        "place": "town",
        "osm_id": 945480421
      }
    },
    {
      "type": "Feature",
      "geometry": {
        "type": "Point",
        "coordinates": [
          86.417503,
          54.501209
        ]
      },
      "properties": {
        "name": "Старопестерево",
        "place": "village",
        "osm_id": 946954459
      }
    },
    {
      "type": "Feature",
      "geometry": {
        "type": "Point",
        "coordinates": [
          86.213242,
          54.371429
        ]
      },
      "properties": {
        "name": "Челухоево",
        "place": "village",
        "osm_id": 946954479
      }
    },
    {
      "type": "Feature",
      "geometry": {
        "type": "Point",
        "coordinates": [
          86.1902534,
          54.365827
        ]
      },
      "properties": {
        "name": "Беково",
        "place": "village",
        "osm_id": 946954497
      }
    },
    {
      "type": "Feature",
      "geometry": {
        "type": "Point",
        "coordinates": [
          86.214035,
          54.364315
        ]
      },
      "properties": {
        "name": "Верховская",
        "place": "hamlet",
        "osm_id": 946954512
      }
    },
    {
      "type": "Feature",
      "geometry": {
        "type": "Point",
        "coordinates": [
          86.2375826,
          54.5451072
        ]
      },
      "properties": {
        "name": "Проектная",
        "place": "hamlet",
        "osm_id": 946954539
      }
    },
    {
      "type": "Feature",
      "geometry": {
        "type": "Point",
        "coordinates": [
          86.317162,
          54.50079
        ]
      },
      "properties": {
        "name": "Мереть",
        "place": "hamlet",
        "osm_id": 946954626
      }
    },
    {
      "type": "Feature",
      "geometry": {
        "type": "Point",
        "coordinates": [
          86.389099,
          54.312168
        ]
      },
      "properties": {
        "name": "имени Ильича",
        "place": "hamlet",
        "osm_id": 946954710
      }
    },
    {
      "type": "Feature",
      "geometry": {
        "type": "Point",
        "coordinates": [
          92.4184443,
          54.4243631
        ]
      },
      "properties": {
        "name": "Адриха",
        "place": "hamlet",
        "osm_id": 955701645
      }
    },
    {
      "type": "Feature",
      "geometry": {
        "type": "Point",
        "coordinates": [
          91.9625772,
          54.6983898
        ]
      },
      "properties": {
        "name": "Шадрино",
        "place": "hamlet",
        "osm_id": 955701654
      }
    },
    {
      "type": "Feature",
      "geometry": {
        "type": "Point",
        "coordinates": [
          92.1037642,
          54.2104117
        ]
      },
      "properties": {
        "name": "Куреж",
        "place": "village",
        "osm_id": 955701657
      }
    },
    {
      "type": "Feature",
      "geometry": {
        "type": "Point",
        "coordinates": [
          91.8661384,
          54.3905922
        ]
      },
      "properties": {
        "name": "Октябрьский",
        "place": "hamlet",
        "osm_id": 955701660
      }
    },
    {
      "type": "Feature",
      "geometry": {
        "type": "Point",
        "coordinates": [
          92.2431501,
          54.5603021
        ]
      },
      "properties": {
        "name": "Мензот",
        "place": "hamlet",
        "osm_id": 955701661
      }
    },
    {
      "type": "Feature",
      "geometry": {
        "type": "Point",
        "coordinates": [
          92.1569969,
          54.5528593
        ]
      },
      "properties": {
        "name": "Екатериновка",
        "place": "village",
        "osm_id": 955701662
      }
    },
    {
      "type": "Feature",
      "geometry": {
        "type": "Point",
        "coordinates": [
          91.9414139,
          54.4254565
        ]
      },
      "properties": {
        "name": "Большой Хабык",
        "place": "village",
        "osm_id": 955701672
      }
    },
    {
      "type": "Feature",
      "geometry": {
        "type": "Point",
        "coordinates": [
          91.8792535,
          54.4943277
        ]
      },
      "properties": {
        "name": "Добромысловский",
        "place": "village",
        "osm_id": 955701676
      }
    },
    {
      "type": "Feature",
      "geometry": {
        "type": "Point",
        "coordinates": [
          92.2409329,
          54.4869995
        ]
      },
      "properties": {
        "name": "Никольское",
        "place": "village",
        "osm_id": 955701681
      }
    },
    {
      "type": "Feature",
      "geometry": {
        "type": "Point",
        "coordinates": [
          92.3268561,
          54.2319987
        ]
      },
      "properties": {
        "name": "Большая Салба",
        "place": "village",
        "osm_id": 955701690
      }
    },
    {
      "type": "Feature",
      "geometry": {
        "type": "Point",
        "coordinates": [
          91.9410195,
          54.3327327
        ]
      },
      "properties": {
        "name": "Малый Телек",
        "place": "hamlet",
        "osm_id": 955701693
      }
    },
    {
      "type": "Feature",
      "geometry": {
        "type": "Point",
        "coordinates": [
          92.3068683,
          54.1881528
        ]
      },
      "properties": {
        "name": "Средняя Салба",
        "place": "hamlet",
        "osm_id": 955701696
      }
    },
    {
      "type": "Feature",
      "geometry": {
        "type": "Point",
        "coordinates": [
          92.3618833,
          54.356093
        ]
      },
      "properties": {
        "name": "Большая Идра",
        "place": "hamlet",
        "osm_id": 955701698
      }
    },
    {
      "type": "Feature",
      "geometry": {
        "type": "Point",
        "coordinates": [
          92.3348028,
          54.5475255
        ]
      },
      "properties": {
        "name": "Васильевка",
        "place": "hamlet",
        "osm_id": 955701710
      }
    },
    {
      "type": "Feature",
      "geometry": {
        "type": "Point",
        "coordinates": [
          92.261102,
          54.3656495
        ]
      },
      "properties": {
        "name": "Центральный",
        "place": "village",
        "osm_id": 955701713
      }
    },
    {
      "type": "Feature",
      "geometry": {
        "type": "Point",
        "coordinates": [
          91.8804757,
          54.7825714
        ]
      },
      "properties": {
        "name": "Иннокентьевка",
        "place": "hamlet",
        "osm_id": 955701714
      }
    },
    {
      "type": "Feature",
      "geometry": {
        "type": "Point",
        "coordinates": [
          92.0785375,
          54.4394971
        ]
      },
      "properties": {
        "name": "Малый Хабык",
        "place": "village",
        "osm_id": 955701717
      }
    },
    {
      "type": "Feature",
      "geometry": {
        "type": "Point",
        "coordinates": [
          91.9175683,
          54.5909806
        ]
      },
      "properties": {
        "name": "Колдыбай",
        "place": "hamlet",
        "osm_id": 955701719
      }
    },
    {
      "type": "Feature",
      "geometry": {
        "type": "Point",
        "coordinates": [
          92.3772959,
          54.506034
        ]
      },
      "properties": {
        "name": "Еленинск",
        "place": "hamlet",
        "osm_id": 955701730
      }
    },
    {
      "type": "Feature",
      "geometry": {
        "type": "Point",
        "coordinates": [
          92.0154141,
          54.7273053
        ]
      },
      "properties": {
        "name": "Романовка",
        "place": "village",
        "osm_id": 955701732
      }
    },
    {
      "type": "Feature",
      "geometry": {
        "type": "Point",
        "coordinates": [
          92.063203,
          54.2926693
        ]
      },
      "properties": {
        "name": "Большой Телек",
        "place": "village",
        "osm_id": 955701734
      }
    },
    {
      "type": "Feature",
      "geometry": {
        "type": "Point",
        "coordinates": [
          85.9034363,
          52.0766435
        ]
      },
      "properties": {
        "name": "Платово",
        "place": "village",
        "osm_id": 955836162
      }
    },
    {
      "type": "Feature",
      "geometry": {
        "type": "Point",
        "coordinates": [
          92.2752864,
          54.1223257
        ]
      },
      "properties": {
        "name": "Новопокровка",
        "place": "village",
        "osm_id": 955838277
      }
    },
    {
      "type": "Feature",
      "geometry": {
        "type": "Point",
        "coordinates": [
          92.1489445,
          53.9025566
        ]
      },
      "properties": {
        "name": "Ильинка",
        "place": "hamlet",
        "osm_id": 955838278
      }
    },
    {
      "type": "Feature",
      "geometry": {
        "type": "Point",
        "coordinates": [
          92.4521105,
          54.0910988
        ]
      },
      "properties": {
        "name": "Детлово",
        "place": "village",
        "osm_id": 955838296
      }
    },
    {
      "type": "Feature",
      "geometry": {
        "type": "Point",
        "coordinates": [
          92.3869901,
          54.05342
        ]
      },
      "properties": {
        "name": "Заречный",
        "place": "hamlet",
        "osm_id": 955838314
      }
    },
    {
      "type": "Feature",
      "geometry": {
        "type": "Point",
        "coordinates": [
          92.231,
          54.0481
        ]
      },
      "properties": {
        "name": "Алексеевка",
        "place": "village",
        "osm_id": 955838349
      }
    },
    {
      "type": "Feature",
      "geometry": {
        "type": "Point",
        "coordinates": [
          85.8531644,
          52.1706702
        ]
      },
      "properties": {
        "name": "Шульгин Лог",
        "place": "village",
        "osm_id": 955838675
      }
    },
    {
      "type": "Feature",
      "geometry": {
        "type": "Point",
        "coordinates": [
          85.8030902,
          52.2624879
        ]
      },
      "properties": {
        "name": "Хуторки",
        "place": "hamlet",
        "osm_id": 955844094
      }
    },
    {
      "type": "Feature",
      "geometry": {
        "type": "Point",
        "coordinates": [
          85.647911,
          52.305332
        ]
      },
      "properties": {
        "name": "Урожайное",
        "place": "village",
        "osm_id": 955844098
      }
    },
    {
      "type": "Feature",
      "geometry": {
        "type": "Point",
        "coordinates": [
          85.6690763,
          52.3923081
        ]
      },
      "properties": {
        "name": "Талица",
        "place": "village",
        "osm_id": 955844110
      }
    },
    {
      "type": "Feature",
      "geometry": {
        "type": "Point",
        "coordinates": [
          92.034261,
          53.6293354
        ]
      },
      "properties": {
        "name": "Малая Ничка",
        "place": "village",
        "osm_id": 956671603
      }
    },
    {
      "type": "Feature",
      "geometry": {
        "type": "Point",
        "coordinates": [
          91.511802,
          53.0011599
        ]
      },
      "properties": {
        "name": "Сизая",
        "place": "village",
        "osm_id": 956671604
      }
    },
    {
      "type": "Feature",
      "geometry": {
        "type": "Point",
        "coordinates": [
          91.585464,
          53.127377
        ]
      },
      "properties": {
        "name": "Шунеры",
        "place": "village",
        "osm_id": 956671606
      }
    },
    {
      "type": "Feature",
      "geometry": {
        "type": "Point",
        "coordinates": [
          92.3069978,
          53.4648939
        ]
      },
      "properties": {
        "name": "Дубенское",
        "place": "village",
        "osm_id": 956671626
      }
    },
    {
      "type": "Feature",
      "geometry": {
        "type": "Point",
        "coordinates": [
          91.928261,
          53.965584
        ]
      },
      "properties": {
        "name": "Кавказское",
        "place": "village",
        "osm_id": 956671643
      }
    },
    {
      "type": "Feature",
      "geometry": {
        "type": "Point",
        "coordinates": [
          91.915726,
          53.535999
        ]
      },
      "properties": {
        "name": "Знаменка",
        "place": "village",
        "osm_id": 956671648
      }
    },
    {
      "type": "Feature",
      "geometry": {
        "type": "Point",
        "coordinates": [
          91.6824534,
          53.9336025
        ]
      },
      "properties": {
        "name": "Николо-Петровка",
        "place": "village",
        "osm_id": 956671654
      }
    },
    {
      "type": "Feature",
      "geometry": {
        "type": "Point",
        "coordinates": [
          92.005074,
          53.407478
        ]
      },
      "properties": {
        "name": "Казанцево",
        "place": "village",
        "osm_id": 956671658
      }
    },
    {
      "type": "Feature",
      "geometry": {
        "type": "Point",
        "coordinates": [
          92.1617626,
          53.4968924
        ]
      },
      "properties": {
        "name": "Верхняя Коя",
        "place": "village",
        "osm_id": 956671664
      }
    },
    {
      "type": "Feature",
      "geometry": {
        "type": "Point",
        "coordinates": [
          92.4183215,
          53.5969844
        ]
      },
      "properties": {
        "name": "Тигрицкое",
        "place": "village",
        "osm_id": 956671666
      }
    },
    {
      "type": "Feature",
      "geometry": {
        "type": "Point",
        "coordinates": [
          91.5879932,
          53.7282037
        ]
      },
      "properties": {
        "name": "Быстрая",
        "place": "village",
        "osm_id": 956671675
      }
    },
    {
      "type": "Feature",
      "geometry": {
        "type": "Point",
        "coordinates": [
          92.0362941,
          53.5015686
        ]
      },
      "properties": {
        "name": "Лыткино",
        "place": "hamlet",
        "osm_id": 956671686
      }
    },
    {
      "type": "Feature",
      "geometry": {
        "type": "Point",
        "coordinates": [
          91.97683,
          53.187931
        ]
      },
      "properties": {
        "name": "Иджа",
        "place": "village",
        "osm_id": 956671705
      }
    },
    {
      "type": "Feature",
      "geometry": {
        "type": "Point",
        "coordinates": [
          92.209198,
          53.802078
        ]
      },
      "properties": {
        "name": "Малая Иня",
        "place": "village",
        "osm_id": 956671708
      }
    },
    {
      "type": "Feature",
      "geometry": {
        "type": "Point",
        "coordinates": [
          91.841976,
          53.6562751
        ]
      },
      "properties": {
        "name": "Солдатово",
        "place": "hamlet",
        "osm_id": 956671710
      }
    },
    {
      "type": "Feature",
      "geometry": {
        "type": "Point",
        "coordinates": [
          92.1358577,
          53.5767904
        ]
      },
      "properties": {
        "name": "Восточное",
        "place": "village",
        "osm_id": 956671717
      }
    },
    {
      "type": "Feature",
      "geometry": {
        "type": "Point",
        "coordinates": [
          91.8160846,
          53.0473405
        ]
      },
      "properties": {
        "name": "Ленск",
        "place": "hamlet",
        "osm_id": 956671723
      }
    },
    {
      "type": "Feature",
      "geometry": {
        "type": "Point",
        "coordinates": [
          91.5079806,
          52.9773072
        ]
      },
      "properties": {
        "name": "Голубая",
        "place": "hamlet",
        "osm_id": 956671733
      }
    },
    {
      "type": "Feature",
      "geometry": {
        "type": "Point",
        "coordinates": [
          92.186226,
          53.866264
        ]
      },
      "properties": {
        "name": "Тесь",
        "place": "village",
        "osm_id": 956671737
      }
    },
    {
      "type": "Feature",
      "geometry": {
        "type": "Point",
        "coordinates": [
          91.8414527,
          53.2752148
        ]
      },
      "properties": {
        "name": "Ильичёво",
        "place": "village",
        "osm_id": 956671738
      }
    },
    {
      "type": "Feature",
      "geometry": {
        "type": "Point",
        "coordinates": [
          91.6859422,
          53.1452992
        ]
      },
      "properties": {
        "name": "Новопокровка",
        "place": "hamlet",
        "osm_id": 956671741
      }
    },
    {
      "type": "Feature",
      "geometry": {
        "type": "Point",
        "coordinates": [
          91.974863,
          53.0399251
        ]
      },
      "properties": {
        "name": "Средняя Шушь",
        "place": "village",
        "osm_id": 956671753
      }
    },
    {
      "type": "Feature",
      "geometry": {
        "type": "Point",
        "coordinates": [
          91.9506058,
          53.1587704
        ]
      },
      "properties": {
        "name": "Труд",
        "place": "hamlet",
        "osm_id": 956671755
      }
    },
    {
      "type": "Feature",
      "geometry": {
        "type": "Point",
        "coordinates": [
          92.4378577,
          53.7522992
        ]
      },
      "properties": {
        "name": "Жерлык",
        "place": "village",
        "osm_id": 956671758
      }
    },
    {
      "type": "Feature",
      "geometry": {
        "type": "Point",
        "coordinates": [
          91.4552325,
          53.0416706
        ]
      },
      "properties": {
        "name": "Красный Хутор",
        "place": "hamlet",
        "osm_id": 956671762
      }
    },
    {
      "type": "Feature",
      "geometry": {
        "type": "Point",
        "coordinates": [
          91.4885706,
          53.7738176
        ]
      },
      "properties": {
        "name": "Комарково",
        "place": "hamlet",
        "osm_id": 956671765
      }
    },
    {
      "type": "Feature",
      "geometry": {
        "type": "Point",
        "coordinates": [
          91.6244082,
          53.099455
        ]
      },
      "properties": {
        "name": "Шарып",
        "place": "hamlet",
        "osm_id": 956671766
      }
    },
    {
      "type": "Feature",
      "geometry": {
        "type": "Point",
        "coordinates": [
          91.8948882,
          53.60641
        ]
      },
      "properties": {
        "name": "Сухое Озеро",
        "place": "hamlet",
        "osm_id": 956671768
      }
    },
    {
      "type": "Feature",
      "geometry": {
        "type": "Point",
        "coordinates": [
          91.480461,
          53.140652
        ]
      },
      "properties": {
        "name": "Саянск",
        "place": "hamlet",
        "osm_id": 956671769
      }
    },
    {
      "type": "Feature",
      "geometry": {
        "type": "Point",
        "coordinates": [
          91.9205511,
          53.0708276
        ]
      },
      "properties": {
        "name": "Субботино",
        "place": "village",
        "osm_id": 956671771
      }
    },
    {
      "type": "Feature",
      "geometry": {
        "type": "Point",
        "coordinates": [
          92.006875,
          53.2357285
        ]
      },
      "properties": {
        "name": "Ермолаево",
        "place": "hamlet",
        "osm_id": 956671778
      }
    },
    {
      "type": "Feature",
      "geometry": {
        "type": "Point",
        "coordinates": [
          91.7964129,
          53.8713374
        ]
      },
      "properties": {
        "name": "Новотроицкое",
        "place": "village",
        "osm_id": 956671779
      }
    },
    {
      "type": "Feature",
      "geometry": {
        "type": "Point",
        "coordinates": [
          91.9138795,
          53.4573744
        ]
      },
      "properties": {
        "name": "Нижняя Коя",
        "place": "village",
        "osm_id": 956671791
      }
    },
    {
      "type": "Feature",
      "geometry": {
        "type": "Point",
        "coordinates": [
          92.1799934,
          54.3627466
        ]
      },
      "properties": {
        "name": "Восточный",
        "place": "hamlet",
        "osm_id": 957795801
      }
    },
    {
      "type": "Feature",
      "geometry": {
        "type": "Point",
        "coordinates": [
          92.1435965,
          54.7431904
        ]
      },
      "properties": {
        "name": "Королевка",
        "place": "hamlet",
        "osm_id": 957795824
      }
    },
    {
      "type": "Feature",
      "geometry": {
        "type": "Point",
        "coordinates": [
          92.0564916,
          54.5319957
        ]
      },
      "properties": {
        "name": "Новоберёзовка",
        "place": "village",
        "osm_id": 957795851
      }
    },
    {
      "type": "Feature",
      "geometry": {
        "type": "Point",
        "coordinates": [
          91.9871004,
          54.4855898
        ]
      },
      "properties": {
        "name": "Майский",
        "place": "hamlet",
        "osm_id": 957795864
      }
    },
    {
      "type": "Feature",
      "geometry": {
        "type": "Point",
        "coordinates": [
          91.995653,
          54.38944
        ]
      },
      "properties": {
        "name": "Майское Утро",
        "place": "village",
        "osm_id": 957795869
      }
    },
    {
      "type": "Feature",
      "geometry": {
        "type": "Point",
        "coordinates": [
          92.442711,
          54.562466
        ]
      },
      "properties": {
        "name": "Зезезино",
        "place": "hamlet",
        "osm_id": 957795895
      }
    },
    {
      "type": "Feature",
      "geometry": {
        "type": "Point",
        "coordinates": [
          92.3999209,
          54.2897022
        ]
      },
      "properties": {
        "name": "Комсомольский",
        "place": "hamlet",
        "osm_id": 957795911
      }
    },
    {
      "type": "Feature",
      "geometry": {
        "type": "Point",
        "coordinates": [
          92.164375,
          54.3972409
        ]
      },
      "properties": {
        "name": "Сибирь",
        "place": "village",
        "osm_id": 957795919
      }
    },
    {
      "type": "Feature",
      "geometry": {
        "type": "Point",
        "coordinates": [
          91.97276,
          54.7798441
        ]
      },
      "properties": {
        "name": "Николаевка",
        "place": "hamlet",
        "osm_id": 957795937
      }
    },
    {
      "type": "Feature",
      "geometry": {
        "type": "Point",
        "coordinates": [
          91.28344,
          53.074226
        ]
      },
      "properties": {
        "name": "Калы",
        "place": "village",
        "osm_id": 959134107
      }
    },
    {
      "type": "Feature",
      "geometry": {
        "type": "Point",
        "coordinates": [
          92.4758386,
          53.9991774
        ]
      },
      "properties": {
        "name": "Прудный",
        "place": "hamlet",
        "osm_id": 960111548
      }
    },
    {
      "type": "Feature",
      "geometry": {
        "type": "Point",
        "coordinates": [
          92.0089836,
          53.9008369
        ]
      },
      "properties": {
        "name": "Притубинский",
        "place": "village",
        "osm_id": 960425554
      }
    },
    {
      "type": "Feature",
      "geometry": {
        "type": "Point",
        "coordinates": [
          92.3002679,
          53.7127399
        ]
      },
      "properties": {
        "name": "Колмаково",
        "place": "village",
        "osm_id": 960425557
      }
    },
    {
      "type": "Feature",
      "geometry": {
        "type": "Point",
        "coordinates": [
          92.1764939,
          53.7221806
        ]
      },
      "properties": {
        "name": "Кызыкульский",
        "place": "hamlet",
        "osm_id": 960425561
      }
    },
    {
      "type": "Feature",
      "geometry": {
        "type": "Point",
        "coordinates": [
          92.0780892,
          53.7970327
        ]
      },
      "properties": {
        "name": "Прихолмье",
        "place": "village",
        "osm_id": 960425565
      }
    },
    {
      "type": "Feature",
      "geometry": {
        "type": "Point",
        "coordinates": [
          91.607178,
          53.689816
        ]
      },
      "properties": {
        "name": "Селиваниха",
        "place": "village",
        "osm_id": 960425567
      }
    },
    {
      "type": "Feature",
      "geometry": {
        "type": "Point",
        "coordinates": [
          92.3462574,
          53.6958852
        ]
      },
      "properties": {
        "name": "Майское Утро",
        "place": "hamlet",
        "osm_id": 960425569
      }
    },
    {
      "type": "Feature",
      "geometry": {
        "type": "Point",
        "coordinates": [
          91.6534738,
          53.5647149
        ]
      },
      "properties": {
        "name": "Кривинское",
        "place": "hamlet",
        "osm_id": 960425572
      }
    },
    {
      "type": "Feature",
      "geometry": {
        "type": "Point",
        "coordinates": [
          92.0300642,
          53.5493656
        ]
      },
      "properties": {
        "name": "Пригородный",
        "place": "hamlet",
        "osm_id": 960425575
      }
    },
    {
      "type": "Feature",
      "geometry": {
        "type": "Point",
        "coordinates": [
          91.9272801,
          53.589162
        ]
      },
      "properties": {
        "name": "Кутужеково",
        "place": "hamlet",
        "osm_id": 960425577
      }
    },
    {
      "type": "Feature",
      "geometry": {
        "type": "Point",
        "coordinates": [
          91.797536,
          53.5985363
        ]
      },
      "properties": {
        "name": "Озеро Тагарское",
        "place": "village",
        "osm_id": 960425579
      }
    },
    {
      "type": "Feature",
      "geometry": {
        "type": "Point",
        "coordinates": [
          92.0548682,
          53.6911989
        ]
      },
      "properties": {
        "name": "Коныгино",
        "place": "hamlet",
        "osm_id": 960425581
      }
    },
    {
      "type": "Feature",
      "geometry": {
        "type": "Point",
        "coordinates": [
          92.3389145,
          53.7726496
        ]
      },
      "properties": {
        "name": "Жерлык",
        "place": "hamlet",
        "osm_id": 960425586
      }
    },
    {
      "type": "Feature",
      "geometry": {
        "type": "Point",
        "coordinates": [
          91.7744987,
          53.7834297
        ]
      },
      "properties": {
        "name": "Суходол",
        "place": "village",
        "osm_id": 960425589
      }
    },
    {
      "type": "Feature",
      "geometry": {
        "type": "Point",
        "coordinates": [
          92.1848207,
          53.3197004
        ]
      },
      "properties": {
        "name": "Жеблахты",
        "place": "village",
        "osm_id": 961232522
      }
    },
    {
      "type": "Feature",
      "geometry": {
        "type": "Point",
        "coordinates": [
          92.2359133,
          53.1993513
        ]
      },
      "properties": {
        "name": "Семенниково",
        "place": "village",
        "osm_id": 961232532
      }
    },
    {
      "type": "Feature",
      "geometry": {
        "type": "Point",
        "coordinates": [
          92.3442039,
          53.3133787
        ]
      },
      "properties": {
        "name": "Николаевка",
        "place": "village",
        "osm_id": 961232541
      }
    },
    {
      "type": "Feature",
      "geometry": {
        "type": "Point",
        "coordinates": [
          92.1918048,
          53.3844756
        ]
      },
      "properties": {
        "name": "Ивановка",
        "place": "village",
        "osm_id": 961232551
      }
    },
    {
      "type": "Feature",
      "geometry": {
        "type": "Point",
        "coordinates": [
          92.0697261,
          53.1048977
        ]
      },
      "properties": {
        "name": "Вознесенка",
        "place": "hamlet",
        "osm_id": 961232553
      }
    },
    {
      "type": "Feature",
      "geometry": {
        "type": "Point",
        "coordinates": [
          92.2229672,
          53.1361286
        ]
      },
      "properties": {
        "name": "Мигна",
        "place": "village",
        "osm_id": 961232562
      }
    },
    {
      "type": "Feature",
      "geometry": {
        "type": "Point",
        "coordinates": [
          92.4665764,
          53.3462666
        ]
      },
      "properties": {
        "name": "Нижний Суэтук",
        "place": "village",
        "osm_id": 961232565
      }
    },
    {
      "type": "Feature",
      "geometry": {
        "type": "Point",
        "coordinates": [
          92.493988,
          53.24609
        ]
      },
      "properties": {
        "name": "Ойский",
        "place": "village",
        "osm_id": 961232566
      }
    },
    {
      "type": "Feature",
      "geometry": {
        "type": "Point",
        "coordinates": [
          92.1122018,
          54.1376661
        ]
      },
      "properties": {
        "name": "Галактионово",
        "place": "village",
        "osm_id": 961492759
      }
    },
    {
      "type": "Feature",
      "geometry": {
        "type": "Point",
        "coordinates": [
          91.4195457,
          54.3961977
        ]
      },
      "properties": {
        "name": "Новая Сыда",
        "place": "village",
        "osm_id": 961492780
      }
    },
    {
      "type": "Feature",
      "geometry": {
        "type": "Point",
        "coordinates": [
          92.0382009,
          54.0582138
        ]
      },
      "properties": {
        "name": "Новоивановка",
        "place": "hamlet",
        "osm_id": 961492785
      }
    },
    {
      "type": "Feature",
      "geometry": {
        "type": "Point",
        "coordinates": [
          91.6077784,
          54.6547067
        ]
      },
      "properties": {
        "name": "Алгаштык",
        "place": "hamlet",
        "osm_id": 961492789
      }
    },
    {
      "type": "Feature",
      "geometry": {
        "type": "Point",
        "coordinates": [
          92.0341719,
          54.1760308
        ]
      },
      "properties": {
        "name": "Кедровая",
        "place": "hamlet",
        "osm_id": 961492794
      }
    },
    {
      "type": "Feature",
      "geometry": {
        "type": "Point",
        "coordinates": [
          91.782623,
          54.630161
        ]
      },
      "properties": {
        "name": "Александровка",
        "place": "hamlet",
        "osm_id": 961492820
      }
    },
    {
      "type": "Feature",
      "geometry": {
        "type": "Point",
        "coordinates": [
          91.3605578,
          54.621801
        ]
      },
      "properties": {
        "name": "Уяр",
        "place": "hamlet",
        "osm_id": 961492826
      }
    },
    {
      "type": "Feature",
      "geometry": {
        "type": "Point",
        "coordinates": [
          92.1268642,
          54.0184604
        ]
      },
      "properties": {
        "name": "Джирим",
        "place": "hamlet",
        "osm_id": 961492835
      }
    },
    {
      "type": "Feature",
      "geometry": {
        "type": "Point",
        "coordinates": [
          91.6770395,
          54.3886449
        ]
      },
      "properties": {
        "name": "Белоярск",
        "place": "village",
        "osm_id": 961492845
      }
    },
    {
      "type": "Feature",
      "geometry": {
        "type": "Point",
        "coordinates": [
          91.771896,
          54.171982
        ]
      },
      "properties": {
        "name": "Моисеевка",
        "place": "hamlet",
        "osm_id": 961492856
      }
    },
    {
      "type": "Feature",
      "geometry": {
        "type": "Point",
        "coordinates": [
          91.6478271,
          53.9825664
        ]
      },
      "properties": {
        "name": "Листвягово",
        "place": "hamlet",
        "osm_id": 961492880
      }
    },
    {
      "type": "Feature",
      "geometry": {
        "type": "Point",
        "coordinates": [
          92.0333559,
          54.07867
        ]
      },
      "properties": {
        "name": "Тубинск",
        "place": "village",
        "osm_id": 961492883
      }
    },
    {
      "type": "Feature",
      "geometry": {
        "type": "Point",
        "coordinates": [
          91.7167267,
          54.6812042
        ]
      },
      "properties": {
        "name": "Салба",
        "place": "village",
        "osm_id": 961492886
      }
    },
    {
      "type": "Feature",
      "geometry": {
        "type": "Point",
        "coordinates": [
          91.5766543,
          54.1929805
        ]
      },
      "properties": {
        "name": "Лебяжье",
        "place": "village",
        "osm_id": 961492893
      }
    },
    {
      "type": "Feature",
      "geometry": {
        "type": "Point",
        "coordinates": [
          91.5468576,
          54.5005922
        ]
      },
      "properties": {
        "name": "Сарушка",
        "place": "hamlet",
        "osm_id": 961492896
      }
    },
    {
      "type": "Feature",
      "geometry": {
        "type": "Point",
        "coordinates": [
          91.3348796,
          54.5493081
        ]
      },
      "properties": {
        "name": "Беллык",
        "place": "village",
        "osm_id": 961492921
      }
    },
    {
      "type": "Feature",
      "geometry": {
        "type": "Point",
        "coordinates": [
          91.6099953,
          54.5838989
        ]
      },
      "properties": {
        "name": "Кара-Беллык",
        "place": "hamlet",
        "osm_id": 961492923
      }
    },
    {
      "type": "Feature",
      "geometry": {
        "type": "Point",
        "coordinates": [
          91.8791707,
          54.1520135
        ]
      },
      "properties": {
        "name": "Саянск",
        "place": "village",
        "osm_id": 961492927
      }
    },
    {
      "type": "Feature",
      "geometry": {
        "type": "Point",
        "coordinates": [
          91.7003789,
          54.4927748
        ]
      },
      "properties": {
        "name": "Кортуз",
        "place": "village",
        "osm_id": 961492933
      }
    },
    {
      "type": "Feature",
      "geometry": {
        "type": "Point",
        "coordinates": [
          91.567825,
          54.316296
        ]
      },
      "properties": {
        "name": "Краснотуранск",
        "place": "town",
        "osm_id": 961492953
      }
    },
    {
      "type": "Feature",
      "geometry": {
        "type": "Point",
        "coordinates": [
          91.9358311,
          54.2474039
        ]
      },
      "properties": {
        "name": "Тёплый Ключ",
        "place": "hamlet",
        "osm_id": 961492959
      }
    },
    {
      "type": "Feature",
      "geometry": {
        "type": "Point",
        "coordinates": [
          91.8952842,
          54.2943796
        ]
      },
      "properties": {
        "name": "Николаевка",
        "place": "village",
        "osm_id": 961492962
      }
    },
    {
      "type": "Feature",
      "geometry": {
        "type": "Point",
        "coordinates": [
          91.6230563,
          54.436944
        ]
      },
      "properties": {
        "name": "Уза",
        "place": "hamlet",
        "osm_id": 961492964
      }
    },
    {
      "type": "Feature",
      "geometry": {
        "type": "Point",
        "coordinates": [
          91.7439925,
          53.1002867
        ]
      },
      "properties": {
        "name": "Белозеровка",
        "place": "hamlet",
        "osm_id": 961982241
      }
    },
    {
      "type": "Feature",
      "geometry": {
        "type": "Point",
        "coordinates": [
          91.9717131,
          53.2440173
        ]
      },
      "properties": {
        "name": "Зарничный",
        "place": "village",
        "osm_id": 961982244
      }
    },
    {
      "type": "Feature",
      "geometry": {
        "type": "Point",
        "coordinates": [
          92.0542028,
          53.3965487
        ]
      },
      "properties": {
        "name": "Козлово",
        "place": "hamlet",
        "osm_id": 961982279
      }
    },
    {
      "type": "Feature",
      "geometry": {
        "type": "Point",
        "coordinates": [
          92.3678409,
          53.4485935
        ]
      },
      "properties": {
        "name": "Весёлые Ключи",
        "place": "hamlet",
        "osm_id": 961982282
      }
    },
    {
      "type": "Feature",
      "geometry": {
        "type": "Point",
        "coordinates": [
          92.0960198,
          53.4847301
        ]
      },
      "properties": {
        "name": "Синеборск",
        "place": "village",
        "osm_id": 961982284
      }
    },
    {
      "type": "Feature",
      "geometry": {
        "type": "Point",
        "coordinates": [
          91.8880364,
          53.2420406
        ]
      },
      "properties": {
        "name": "Алтан",
        "place": "village",
        "osm_id": 961982287
      }
    },
    {
      "type": "Feature",
      "geometry": {
        "type": "Point",
        "coordinates": [
          92.105391,
          53.2776776
        ]
      },
      "properties": {
        "name": "Корнилово",
        "place": "hamlet",
        "osm_id": 961982294
      }
    },
    {
      "type": "Feature",
      "geometry": {
        "type": "Point",
        "coordinates": [
          91.6234021,
          53.6202327
        ]
      },
      "properties": {
        "name": "Зелёный Бор",
        "place": "village",
        "osm_id": 961995301
      }
    },
    {
      "type": "Feature",
      "geometry": {
        "type": "Point",
        "coordinates": [
          91.9558382,
          53.6938634
        ]
      },
      "properties": {
        "name": "имени Крупской",
        "place": "hamlet",
        "osm_id": 962343913
      }
    },
    {
      "type": "Feature",
      "geometry": {
        "type": "Point",
        "coordinates": [
          92.4490648,
          53.267245
        ]
      },
      "properties": {
        "name": "Песочный",
        "place": "hamlet",
        "osm_id": 963474051
      }
    },
    {
      "type": "Feature",
      "geometry": {
        "type": "Point",
        "coordinates": [
          92.417535,
          53.24405
        ]
      },
      "properties": {
        "name": "Новоозёрный",
        "place": "village",
        "osm_id": 963474056
      }
    },
    {
      "type": "Feature",
      "geometry": {
        "type": "Point",
        "coordinates": [
          92.4166299,
          53.0375733
        ]
      },
      "properties": {
        "name": "Большая Речка",
        "place": "hamlet",
        "osm_id": 963474062
      }
    },
    {
      "type": "Feature",
      "geometry": {
        "type": "Point",
        "coordinates": [
          91.8508858,
          54.0729662
        ]
      },
      "properties": {
        "name": "Диссос",
        "place": "hamlet",
        "osm_id": 963547051
      }
    },
    {
      "type": "Feature",
      "geometry": {
        "type": "Point",
        "coordinates": [
          91.6588259,
          54.0922647
        ]
      },
      "properties": {
        "name": "Восточное",
        "place": "village",
        "osm_id": 963547059
      }
    },
    {
      "type": "Feature",
      "geometry": {
        "type": "Point",
        "coordinates": [
          85.6225032,
          52.0883681
        ]
      },
      "properties": {
        "name": "Колово",
        "place": "village",
        "osm_id": 965710322
      }
    },
    {
      "type": "Feature",
      "geometry": {
        "type": "Point",
        "coordinates": [
          85.6179928,
          52.1885087
        ]
      },
      "properties": {
        "name": "Половинка",
        "place": "village",
        "osm_id": 965710345
      }
    },
    {
      "type": "Feature",
      "geometry": {
        "type": "Point",
        "coordinates": [
          90.2525861,
          54.0016092
        ]
      },
      "properties": {
        "name": "Сорск",
        "place": "town",
        "osm_id": 1028723854
      }
    },
    {
      "type": "Feature",
      "geometry": {
        "type": "Point",
        "coordinates": [
          86.195274,
          52.296341
        ]
      },
      "properties": {
        "name": "Красногорское",
        "place": "town",
        "osm_id": 1028724090
      }
    },
    {
      "type": "Feature",
      "geometry": {
        "type": "Point",
        "coordinates": [
          89.5624279,
          53.267661
        ]
      },
      "properties": {
        "name": "Вершина Тёи",
        "place": "village",
        "osm_id": 1029137267
      }
    },
    {
      "type": "Feature",
      "geometry": {
        "type": "Point",
        "coordinates": [
          86.399742,
          54.412445
        ]
      },
      "properties": {
        "name": "Вишнёвка",
        "place": "town",
        "osm_id": 1066547825
      }
    },
    {
      "type": "Feature",
      "geometry": {
        "type": "Point",
        "coordinates": [
          90.5300435,
          53.1325812
        ]
      },
      "properties": {
        "name": "Аскиз",
        "place": "village",
        "osm_id": 1067034190
      }
    },
    {
      "type": "Feature",
      "geometry": {
        "type": "Point",
        "coordinates": [
          86.1412438,
          51.8513939
        ]
      },
      "properties": {
        "name": "Карасук",
        "place": "village",
        "osm_id": 1103527948
      }
    },
    {
      "type": "Feature",
      "geometry": {
        "type": "Point",
        "coordinates": [
          86.2009004,
          51.9015226
        ]
      },
      "properties": {
        "name": "Сухой Карасук",
        "place": "village",
        "osm_id": 1103527964
      }
    },
    {
      "type": "Feature",
      "geometry": {
        "type": "Point",
        "coordinates": [
          86.2676864,
          51.9440709
        ]
      },
      "properties": {
        "name": "Сугул",
        "place": "village",
        "osm_id": 1103527972
      }
    },
    {
      "type": "Feature",
      "geometry": {
        "type": "Point",
        "coordinates": [
          86.3875427,
          53.9474738
        ]
      },
      "properties": {
        "name": "Александровка",
        "place": "hamlet",
        "osm_id": 1110317916
      }
    },
    {
      "type": "Feature",
      "geometry": {
        "type": "Point",
        "coordinates": [
          86.006111,
          54.585873
        ]
      },
      "properties": {
        "name": "Никитинский",
        "place": "village",
        "osm_id": 1110320155
      }
    },
    {
      "type": "Feature",
      "geometry": {
        "type": "Point",
        "coordinates": [
          86.618401,
          54.37719
        ]
      },
      "properties": {
        "name": "Петровский",
        "place": "hamlet",
        "osm_id": 1110642998
      }
    },
    {
      "type": "Feature",
      "geometry": {
        "type": "Point",
        "coordinates": [
          86.2478607,
          54.5307076
        ]
      },
      "properties": {
        "name": "Конёво",
        "place": "village",
        "osm_id": 1110678930
      }
    },
    {
      "type": "Feature",
      "geometry": {
        "type": "Point",
        "coordinates": [
          87.0225293,
          54.5175347
        ]
      },
      "properties": {
        "name": "Чигирь",
        "place": "hamlet",
        "osm_id": 1110738652
      }
    },
    {
      "type": "Feature",
      "geometry": {
        "type": "Point",
        "coordinates": [
          86.505211,
          54.596119
        ]
      },
      "properties": {
        "name": "Заринское",
        "place": "village",
        "osm_id": 1110762271
      }
    },
    {
      "type": "Feature",
      "geometry": {
        "type": "Point",
        "coordinates": [
          86.076897,
          54.682083
        ]
      },
      "properties": {
        "name": "Восходящий",
        "place": "village",
        "osm_id": 1111316170
      }
    },
    {
      "type": "Feature",
      "geometry": {
        "type": "Point",
        "coordinates": [
          86.324707,
          54.778606
        ]
      },
      "properties": {
        "name": "Озеровка",
        "place": "hamlet",
        "osm_id": 1111323966
      }
    },
    {
      "type": "Feature",
      "geometry": {
        "type": "Point",
        "coordinates": [
          86.210541,
          54.722595
        ]
      },
      "properties": {
        "name": "Лапшиновка",
        "place": "hamlet",
        "osm_id": 1111324012
      }
    },
    {
      "type": "Feature",
      "geometry": {
        "type": "Point",
        "coordinates": [
          86.401558,
          54.819347
        ]
      },
      "properties": {
        "name": "Чесноково",
        "place": "hamlet",
        "osm_id": 1111324052
      }
    },
    {
      "type": "Feature",
      "geometry": {
        "type": "Point",
        "coordinates": [
          86.186646,
          54.74794
        ]
      },
      "properties": {
        "name": "189 км",
        "place": "hamlet",
        "osm_id": 1111324114
      }
    },
    {
      "type": "Feature",
      "geometry": {
        "type": "Point",
        "coordinates": [
          86.075111,
          54.721439
        ]
      },
      "properties": {
        "name": "Хмелёво",
        "place": "hamlet",
        "osm_id": 1111324155
      }
    },
    {
      "type": "Feature",
      "geometry": {
        "type": "Point",
        "coordinates": [
          86.1945755,
          54.734562
        ]
      },
      "properties": {
        "name": "Красная Поляна",
        "place": "hamlet",
        "osm_id": 1111324174
      }
    },
    {
      "type": "Feature",
      "geometry": {
        "type": "Point",
        "coordinates": [
          86.100586,
          54.877815
        ]
      },
      "properties": {
        "name": "169 км",
        "place": "hamlet",
        "osm_id": 1111327431
      }
    },
    {
      "type": "Feature",
      "geometry": {
        "type": "Point",
        "coordinates": [
          86.021751,
          54.752808
        ]
      },
      "properties": {
        "name": "Непрерывка",
        "place": "hamlet",
        "osm_id": 1111327457
      }
    },
    {
      "type": "Feature",
      "geometry": {
        "type": "Point",
        "coordinates": [
          85.98069,
          54.487534
        ]
      },
      "properties": {
        "name": "Новоурский",
        "place": "village",
        "osm_id": 1111960131
      }
    },
    {
      "type": "Feature",
      "geometry": {
        "type": "Point",
        "coordinates": [
          86.0119731,
          54.5044077
        ]
      },
      "properties": {
        "name": "Устюжанино",
        "place": "hamlet",
        "osm_id": 1111960211
      }
    },
    {
      "type": "Feature",
      "geometry": {
        "type": "Point",
        "coordinates": [
          86.033966,
          54.401543
        ]
      },
      "properties": {
        "name": "Родниковый",
        "place": "hamlet",
        "osm_id": 1111960242
      }
    },
    {
      "type": "Feature",
      "geometry": {
        "type": "Point",
        "coordinates": [
          85.958351,
          54.6901381
        ]
      },
      "properties": {
        "name": "Чкаловский",
        "place": "village",
        "osm_id": 1111980937
      }
    },
    {
      "type": "Feature",
      "geometry": {
        "type": "Point",
        "coordinates": [
          85.976868,
          54.700314
        ]
      },
      "properties": {
        "name": "Красная Горка",
        "place": "hamlet",
        "osm_id": 1111981032
      }
    },
    {
      "type": "Feature",
      "geometry": {
        "type": "Point",
        "coordinates": [
          86.418968,
          54.900879
        ]
      },
      "properties": {
        "name": "Семёново",
        "place": "hamlet",
        "osm_id": 1112000426
      }
    },
    {
      "type": "Feature",
      "geometry": {
        "type": "Point",
        "coordinates": [
          86.201866,
          54.830971
        ]
      },
      "properties": {
        "name": "Берёзовка",
        "place": "hamlet",
        "osm_id": 1112000510
      }
    },
    {
      "type": "Feature",
      "geometry": {
        "type": "Point",
        "coordinates": [
          85.69973,
          54.681923
        ]
      },
      "properties": {
        "name": "Торопово",
        "place": "hamlet",
        "osm_id": 1112014749
      }
    },
    {
      "type": "Feature",
      "geometry": {
        "type": "Point",
        "coordinates": [
          85.736137,
          54.795639
        ]
      },
      "properties": {
        "name": "Орловский",
        "place": "hamlet",
        "osm_id": 1112014764
      }
    },
    {
      "type": "Feature",
      "geometry": {
        "type": "Point",
        "coordinates": [
          88.5979148,
          53.2065349
        ]
      },
      "properties": {
        "name": "Трехречье",
        "place": "hamlet",
        "osm_id": 1113624496
      }
    },
    {
      "type": "Feature",
      "geometry": {
        "type": "Point",
        "coordinates": [
          88.8761535,
          53.6596653
        ]
      },
      "properties": {
        "name": "Лужба",
        "place": "hamlet",
        "osm_id": 1113624517
      }
    },
    {
      "type": "Feature",
      "geometry": {
        "type": "Point",
        "coordinates": [
          86.598915,
          54.094997
        ]
      },
      "properties": {
        "name": "Старосергеевка",
        "place": "hamlet",
        "osm_id": 1113929814
      }
    },
    {
      "type": "Feature",
      "geometry": {
        "type": "Point",
        "coordinates": [
          86.934181,
          53.788517
        ]
      },
      "properties": {
        "name": "Калачево",
        "place": "village",
        "osm_id": 1114006982
      }
    },
    {
      "type": "Feature",
      "geometry": {
        "type": "Point",
        "coordinates": [
          86.949242,
          54.31834
        ]
      },
      "properties": {
        "name": "Тыхта",
        "place": "hamlet",
        "osm_id": 1114015942
      }
    },
    {
      "type": "Feature",
      "geometry": {
        "type": "Point",
        "coordinates": [
          86.386246,
          54.098442
        ]
      },
      "properties": {
        "name": "Калиновка",
        "place": "hamlet",
        "osm_id": 1114044821
      }
    },
    {
      "type": "Feature",
      "geometry": {
        "type": "Point",
        "coordinates": [
          86.408707,
          54.129562
        ]
      },
      "properties": {
        "name": "Трудармейский",
        "place": "village",
        "osm_id": 1114044927
      }
    },
    {
      "type": "Feature",
      "geometry": {
        "type": "Point",
        "coordinates": [
          86.926056,
          53.98996
        ]
      },
      "properties": {
        "name": "Ясная Поляна",
        "place": "village",
        "osm_id": 1114061318
      }
    },
    {
      "type": "Feature",
      "geometry": {
        "type": "Point",
        "coordinates": [
          86.981598,
          54.074429
        ]
      },
      "properties": {
        "name": "Серп и Молот",
        "place": "hamlet",
        "osm_id": 1114063959
      }
    },
    {
      "type": "Feature",
      "geometry": {
        "type": "Point",
        "coordinates": [
          86.3251989,
          54.5385909
        ]
      },
      "properties": {
        "name": "шахты № 5",
        "place": "hamlet",
        "osm_id": 1116083704
      }
    },
    {
      "type": "Feature",
      "geometry": {
        "type": "Point",
        "coordinates": [
          86.296455,
          54.52832
        ]
      },
      "properties": {
        "name": "Красногорский",
        "place": "village",
        "osm_id": 1116085474
      }
    },
    {
      "type": "Feature",
      "geometry": {
        "type": "Point",
        "coordinates": [
          87.0998204,
          51.7593235
        ]
      },
      "properties": {
        "name": "Новотроицк",
        "place": "village",
        "osm_id": 1119758289
      }
    },
    {
      "type": "Feature",
      "geometry": {
        "type": "Point",
        "coordinates": [
          85.734322,
          54.273495
        ]
      },
      "properties": {
        "name": "Заречный",
        "place": "hamlet",
        "osm_id": 1133935382
      }
    },
    {
      "type": "Feature",
      "geometry": {
        "type": "Point",
        "coordinates": [
          85.783859,
          54.276772
        ]
      },
      "properties": {
        "name": "Салаирский Дом Отдыха",
        "place": "hamlet",
        "osm_id": 1133935384
      }
    },
    {
      "type": "Feature",
      "geometry": {
        "type": "Point",
        "coordinates": [
          85.7583071,
          54.2988544
        ]
      },
      "properties": {
        "name": "Каменушка",
        "place": "hamlet",
        "osm_id": 1133935385
      }
    },
    {
      "type": "Feature",
      "geometry": {
        "type": "Point",
        "coordinates": [
          85.704651,
          54.327705
        ]
      },
      "properties": {
        "name": "Чуваш-Пай",
        "place": "hamlet",
        "osm_id": 1133935387
      }
    },
    {
      "type": "Feature",
      "geometry": {
        "type": "Point",
        "coordinates": [
          87.176262,
          53.993416
        ]
      },
      "properties": {
        "name": "Чичербаево",
        "place": "village",
        "osm_id": 1133976723
      }
    },
    {
      "type": "Feature",
      "geometry": {
        "type": "Point",
        "coordinates": [
          87.189011,
          54.001217
        ]
      },
      "properties": {
        "name": "Ерунаково",
        "place": "village",
        "osm_id": 1133976729
      }
    },
    {
      "type": "Feature",
      "geometry": {
        "type": "Point",
        "coordinates": [
          87.22316,
          53.993893
        ]
      },
      "properties": {
        "name": "Иганино",
        "place": "hamlet",
        "osm_id": 1133976734
      }
    },
    {
      "type": "Feature",
      "geometry": {
        "type": "Point",
        "coordinates": [
          87.131142,
          54.014194
        ]
      },
      "properties": {
        "name": "Тагарыш",
        "place": "hamlet",
        "osm_id": 1133976757
      }
    },
    {
      "type": "Feature",
      "geometry": {
        "type": "Point",
        "coordinates": [
          87.273628,
          53.999435
        ]
      },
      "properties": {
        "name": "Казанково",
        "place": "village",
        "osm_id": 1133976762
      }
    },
    {
      "type": "Feature",
      "geometry": {
        "type": "Point",
        "coordinates": [
          87.121033,
          54.004021
        ]
      },
      "properties": {
        "name": "Недорезово",
        "place": "village",
        "osm_id": 1133976766
      }
    },
    {
      "type": "Feature",
      "geometry": {
        "type": "Point",
        "coordinates": [
          86.001625,
          54.291389
        ]
      },
      "properties": {
        "name": "Раздольный",
        "place": "village",
        "osm_id": 1150606589
      }
    },
    {
      "type": "Feature",
      "geometry": {
        "type": "Point",
        "coordinates": [
          85.845612,
          54.462322
        ]
      },
      "properties": {
        "name": "Мостовая",
        "place": "hamlet",
        "osm_id": 1150610989
      }
    },
    {
      "type": "Feature",
      "geometry": {
        "type": "Point",
        "coordinates": [
          85.873489,
          54.456318
        ]
      },
      "properties": {
        "name": "Дегтярёвка",
        "place": "hamlet",
        "osm_id": 1150610990
      }
    },
    {
      "type": "Feature",
      "geometry": {
        "type": "Point",
        "coordinates": [
          85.90062,
          54.444176
        ]
      },
      "properties": {
        "name": "Усть-Канда",
        "place": "hamlet",
        "osm_id": 1150610991
      }
    },
    {
      "type": "Feature",
      "geometry": {
        "type": "Point",
        "coordinates": [
          85.990501,
          54.44611
        ]
      },
      "properties": {
        "name": "Саратовка",
        "place": "hamlet",
        "osm_id": 1150611840
      }
    },
    {
      "type": "Feature",
      "geometry": {
        "type": "Point",
        "coordinates": [
          85.9147889,
          54.9817067
        ]
      },
      "properties": {
        "name": "Первомайский",
        "place": "hamlet",
        "osm_id": 1154654651
      }
    },
    {
      "type": "Feature",
      "geometry": {
        "type": "Point",
        "coordinates": [
          85.9795455,
          54.9519272
        ]
      },
      "properties": {
        "name": "Брянский (157 км)",
        "place": "hamlet",
        "osm_id": 1154654655
      }
    },
    {
      "type": "Feature",
      "geometry": {
        "type": "Point",
        "coordinates": [
          86.372208,
          54.440605
        ]
      },
      "properties": {
        "name": "Снежинский",
        "place": "village",
        "osm_id": 1157322452
      }
    },
    {
      "type": "Feature",
      "geometry": {
        "type": "Point",
        "coordinates": [
          87.196106,
          53.661396
        ]
      },
      "properties": {
        "name": "Смирновка",
        "place": "hamlet",
        "osm_id": 1157537857
      }
    },
    {
      "type": "Feature",
      "geometry": {
        "type": "Point",
        "coordinates": [
          87.1796952,
          53.6830489
        ]
      },
      "properties": {
        "name": "Букино",
        "place": "hamlet",
        "osm_id": 1157537865
      }
    },
    {
      "type": "Feature",
      "geometry": {
        "type": "Point",
        "coordinates": [
          87.245712,
          53.680695
        ]
      },
      "properties": {
        "name": "Муратово",
        "place": "hamlet",
        "osm_id": 1157537870
      }
    },
    {
      "type": "Feature",
      "geometry": {
        "type": "Point",
        "coordinates": [
          86.096268,
          54.093002
        ]
      },
      "properties": {
        "name": "Каменный Ключ",
        "place": "hamlet",
        "osm_id": 1160819744
      }
    },
    {
      "type": "Feature",
      "geometry": {
        "type": "Point",
        "coordinates": [
          86.466339,
          54.071568
        ]
      },
      "properties": {
        "name": "Инченково",
        "place": "hamlet",
        "osm_id": 1160824284
      }
    },
    {
      "type": "Feature",
      "geometry": {
        "type": "Point",
        "coordinates": [
          85.9751527,
          54.859168
        ]
      },
      "properties": {
        "name": "Тарабарино",
        "place": "hamlet",
        "osm_id": 1160890398
      }
    },
    {
      "type": "Feature",
      "geometry": {
        "type": "Point",
        "coordinates": [
          85.869025,
          54.8680575
        ]
      },
      "properties": {
        "name": "Байрак",
        "place": "village",
        "osm_id": 1160890402
      }
    },
    {
      "type": "Feature",
      "geometry": {
        "type": "Point",
        "coordinates": [
          85.7106294,
          54.901095
        ]
      },
      "properties": {
        "name": "Еремино",
        "place": "village",
        "osm_id": 1160890404
      }
    },
    {
      "type": "Feature",
      "geometry": {
        "type": "Point",
        "coordinates": [
          85.9204845,
          54.8619133
        ]
      },
      "properties": {
        "name": "Труд",
        "place": "village",
        "osm_id": 1160890406
      }
    },
    {
      "type": "Feature",
      "geometry": {
        "type": "Point",
        "coordinates": [
          85.9516963,
          54.8487034
        ]
      },
      "properties": {
        "name": "251 км",
        "place": "hamlet",
        "osm_id": 1160890430
      }
    },
    {
      "type": "Feature",
      "geometry": {
        "type": "Point",
        "coordinates": [
          85.880206,
          54.8605124
        ]
      },
      "properties": {
        "name": "Контрольная",
        "place": "hamlet",
        "osm_id": 1160890434
      }
    },
    {
      "type": "Feature",
      "geometry": {
        "type": "Point",
        "coordinates": [
          85.9910074,
          54.8967557
        ]
      },
      "properties": {
        "name": "Цветущий",
        "place": "hamlet",
        "osm_id": 1160890437
      }
    },
    {
      "type": "Feature",
      "geometry": {
        "type": "Point",
        "coordinates": [
          87.1048579,
          52.77414
        ]
      },
      "properties": {
        "name": "Базарный",
        "place": "hamlet",
        "osm_id": 1160908529
      }
    },
    {
      "type": "Feature",
      "geometry": {
        "type": "Point",
        "coordinates": [
          88.0609615,
          52.6074618
        ]
      },
      "properties": {
        "name": "Большой Лабыш",
        "place": "hamlet",
        "osm_id": 1160945506
      }
    },
    {
      "type": "Feature",
      "geometry": {
        "type": "Point",
        "coordinates": [
          88.1508309,
          52.6884832
        ]
      },
      "properties": {
        "name": "Карбалык",
        "place": "hamlet",
        "osm_id": 1160945508
      }
    },
    {
      "type": "Feature",
      "geometry": {
        "type": "Point",
        "coordinates": [
          87.9104084,
          52.6706035
        ]
      },
      "properties": {
        "name": "Сокушта",
        "place": "hamlet",
        "osm_id": 1160945512
      }
    },
    {
      "type": "Feature",
      "geometry": {
        "type": "Point",
        "coordinates": [
          87.972,
          52.65657
        ]
      },
      "properties": {
        "name": "Верх-Кочура",
        "place": "hamlet",
        "osm_id": 1160945513
      }
    },
    {
      "type": "Feature",
      "geometry": {
        "type": "Point",
        "coordinates": [
          88.0153866,
          52.6286601
        ]
      },
      "properties": {
        "name": "Ключевой",
        "place": "village",
        "osm_id": 1160945514
      }
    },
    {
      "type": "Feature",
      "geometry": {
        "type": "Point",
        "coordinates": [
          86.979515,
          53.874916
        ]
      },
      "properties": {
        "name": "Сметанино",
        "place": "hamlet",
        "osm_id": 1168029412
      }
    },
    {
      "type": "Feature",
      "geometry": {
        "type": "Point",
        "coordinates": [
          87.0294256,
          53.9273395
        ]
      },
      "properties": {
        "name": "Восточный",
        "place": "hamlet",
        "osm_id": 1168029416
      }
    },
    {
      "type": "Feature",
      "geometry": {
        "type": "Point",
        "coordinates": [
          87.029922,
          53.899036
        ]
      },
      "properties": {
        "name": "Металлургов",
        "place": "village",
        "osm_id": 1168029419
      }
    },
    {
      "type": "Feature",
      "geometry": {
        "type": "Point",
        "coordinates": [
          87.010345,
          53.935837
        ]
      },
      "properties": {
        "name": "Северный",
        "place": "village",
        "osm_id": 1168045222
      }
    },
    {
      "type": "Feature",
      "geometry": {
        "type": "Point",
        "coordinates": [
          87.118156,
          53.954166
        ]
      },
      "properties": {
        "name": "Степной",
        "place": "village",
        "osm_id": 1168050069
      }
    },
    {
      "type": "Feature",
      "geometry": {
        "type": "Point",
        "coordinates": [
          87.109283,
          53.825256
        ]
      },
      "properties": {
        "name": "Митино",
        "place": "hamlet",
        "osm_id": 1168050072
      }
    },
    {
      "type": "Feature",
      "geometry": {
        "type": "Point",
        "coordinates": [
          87.0149,
          53.81424
        ]
      },
      "properties": {
        "name": "Подгорный",
        "place": "hamlet",
        "osm_id": 1168096049
      }
    },
    {
      "type": "Feature",
      "geometry": {
        "type": "Point",
        "coordinates": [
          87.006256,
          53.828575
        ]
      },
      "properties": {
        "name": "Шарап",
        "place": "hamlet",
        "osm_id": 1168096055
      }
    },
    {
      "type": "Feature",
      "geometry": {
        "type": "Point",
        "coordinates": [
          86.938774,
          53.738247
        ]
      },
      "properties": {
        "name": "75-й Пикет",
        "place": "hamlet",
        "osm_id": 1168096063
      }
    },
    {
      "type": "Feature",
      "geometry": {
        "type": "Point",
        "coordinates": [
          87.01107,
          53.737267
        ]
      },
      "properties": {
        "name": "Мир",
        "place": "village",
        "osm_id": 1168096075
      }
    },
    {
      "type": "Feature",
      "geometry": {
        "type": "Point",
        "coordinates": [
          87.008606,
          53.758934
        ]
      },
      "properties": {
        "name": "Загорский",
        "place": "village",
        "osm_id": 1168096078
      }
    },
    {
      "type": "Feature",
      "geometry": {
        "type": "Point",
        "coordinates": [
          87.015518,
          53.769428
        ]
      },
      "properties": {
        "name": "Глуховка",
        "place": "hamlet",
        "osm_id": 1168096081
      }
    },
    {
      "type": "Feature",
      "geometry": {
        "type": "Point",
        "coordinates": [
          86.986267,
          53.742912
        ]
      },
      "properties": {
        "name": "Бунгур",
        "place": "village",
        "osm_id": 1168096084
      }
    },
    {
      "type": "Feature",
      "geometry": {
        "type": "Point",
        "coordinates": [
          85.8422648,
          53.3022942
        ]
      },
      "properties": {
        "name": "Антипино",
        "place": "village",
        "osm_id": 1168298946
      }
    },
    {
      "type": "Feature",
      "geometry": {
        "type": "Point",
        "coordinates": [
          86.0119081,
          53.4977525
        ]
      },
      "properties": {
        "name": "Уксунай",
        "place": "village",
        "osm_id": 1168298948
      }
    },
    {
      "type": "Feature",
      "geometry": {
        "type": "Point",
        "coordinates": [
          85.9016993,
          53.4298211
        ]
      },
      "properties": {
        "name": "Старый Тогул",
        "place": "village",
        "osm_id": 1168298951
      }
    },
    {
      "type": "Feature",
      "geometry": {
        "type": "Point",
        "coordinates": [
          85.8660674,
          53.328503
        ]
      },
      "properties": {
        "name": "Колонково",
        "place": "village",
        "osm_id": 1168298952
      }
    },
    {
      "type": "Feature",
      "geometry": {
        "type": "Point",
        "coordinates": [
          85.9967619,
          53.6189635
        ]
      },
      "properties": {
        "name": "Шумиха",
        "place": "hamlet",
        "osm_id": 1168298954
      }
    },
    {
      "type": "Feature",
      "geometry": {
        "type": "Point",
        "coordinates": [
          85.8116866,
          53.6358414
        ]
      },
      "properties": {
        "name": "Новоиушино",
        "place": "village",
        "osm_id": 1168298962
      }
    },
    {
      "type": "Feature",
      "geometry": {
        "type": "Point",
        "coordinates": [
          85.8081771,
          53.3827788
        ]
      },
      "properties": {
        "name": "Бураново",
        "place": "hamlet",
        "osm_id": 1168298963
      }
    },
    {
      "type": "Feature",
      "geometry": {
        "type": "Point",
        "coordinates": [
          86.098,
          53.373035
        ]
      },
      "properties": {
        "name": "Топтушка",
        "place": "village",
        "osm_id": 1168298965
      }
    },
    {
      "type": "Feature",
      "geometry": {
        "type": "Point",
        "coordinates": [
          87.330635,
          53.585495
        ]
      },
      "properties": {
        "name": "Красная Орловка",
        "place": "village",
        "osm_id": 1175305094
      }
    },
    {
      "type": "Feature",
      "geometry": {
        "type": "Point",
        "coordinates": [
          87.302467,
          53.478233
        ]
      },
      "properties": {
        "name": "Зелёный Луг",
        "place": "hamlet",
        "osm_id": 1175305113
      }
    },
    {
      "type": "Feature",
      "geometry": {
        "type": "Point",
        "coordinates": [
          87.274635,
          53.492195
        ]
      },
      "properties": {
        "name": "Верхний Калтан",
        "place": "hamlet",
        "osm_id": 1175305115
      }
    },
    {
      "type": "Feature",
      "geometry": {
        "type": "Point",
        "coordinates": [
          87.363487,
          53.510937
        ]
      },
      "properties": {
        "name": "Юрково",
        "place": "hamlet",
        "osm_id": 1175305118
      }
    },
    {
      "type": "Feature",
      "geometry": {
        "type": "Point",
        "coordinates": [
          87.44072,
          53.609699
        ]
      },
      "properties": {
        "name": "Красный Калтан",
        "place": "hamlet",
        "osm_id": 1175305120
      }
    },
    {
      "type": "Feature",
      "geometry": {
        "type": "Point",
        "coordinates": [
          86.468414,
          53.856632
        ]
      },
      "properties": {
        "name": "Красная Горка",
        "place": "hamlet",
        "osm_id": 1175376187
      }
    },
    {
      "type": "Feature",
      "geometry": {
        "type": "Point",
        "coordinates": [
          85.7109847,
          51.8675348
        ]
      },
      "properties": {
        "name": "Нижнекаянча",
        "place": "village",
        "osm_id": 1177770983
      }
    },
    {
      "type": "Feature",
      "geometry": {
        "type": "Point",
        "coordinates": [
          85.6427238,
          52.5899105
        ]
      },
      "properties": {
        "name": "Ключи",
        "place": "hamlet",
        "osm_id": 1177820684
      }
    },
    {
      "type": "Feature",
      "geometry": {
        "type": "Point",
        "coordinates": [
          85.7517537,
          52.6054115
        ]
      },
      "properties": {
        "name": "Большеугренево",
        "place": "village",
        "osm_id": 1177820688
      }
    },
    {
      "type": "Feature",
      "geometry": {
        "type": "Point",
        "coordinates": [
          85.6404961,
          52.7464734
        ]
      },
      "properties": {
        "name": "Степной",
        "place": "hamlet",
        "osm_id": 1177820720
      }
    },
    {
      "type": "Feature",
      "geometry": {
        "type": "Point",
        "coordinates": [
          85.9684816,
          52.6226843
        ]
      },
      "properties": {
        "name": "Новиково",
        "place": "village",
        "osm_id": 1177820778
      }
    },
    {
      "type": "Feature",
      "geometry": {
        "type": "Point",
        "coordinates": [
          85.6979444,
          52.5784432
        ]
      },
      "properties": {
        "name": "Мальцева Курья",
        "place": "hamlet",
        "osm_id": 1177820828
      }
    },
    {
      "type": "Feature",
      "geometry": {
        "type": "Point",
        "coordinates": [
          85.8012202,
          52.6555321
        ]
      },
      "properties": {
        "name": "Бехтемир-Аникино",
        "place": "hamlet",
        "osm_id": 1177820846
      }
    },
    {
      "type": "Feature",
      "geometry": {
        "type": "Point",
        "coordinates": [
          85.6671351,
          52.4892648
        ]
      },
      "properties": {
        "name": "Предгорный",
        "place": "hamlet",
        "osm_id": 1177820883
      }
    },
    {
      "type": "Feature",
      "geometry": {
        "type": "Point",
        "coordinates": [
          86.0046915,
          52.6136424
        ]
      },
      "properties": {
        "name": "Промышленный",
        "place": "hamlet",
        "osm_id": 1177820891
      }
    },
    {
      "type": "Feature",
      "geometry": {
        "type": "Point",
        "coordinates": [
          85.7549406,
          52.5699849
        ]
      },
      "properties": {
        "name": "Усятское",
        "place": "village",
        "osm_id": 1177820917
      }
    },
    {
      "type": "Feature",
      "geometry": {
        "type": "Point",
        "coordinates": [
          86.3563926,
          54.5255113
        ]
      },
      "properties": {
        "name": "Грамотеино",
        "place": "village",
        "osm_id": 1183626351
      }
    },
    {
      "type": "Feature",
      "geometry": {
        "type": "Point",
        "coordinates": [
          86.3627455,
          53.9250549
        ]
      },
      "properties": {
        "name": "Берёзовка",
        "place": "hamlet",
        "osm_id": 1183626384
      }
    },
    {
      "type": "Feature",
      "geometry": {
        "type": "Point",
        "coordinates": [
          85.8565115,
          54.9298911
        ]
      },
      "properties": {
        "name": "Ушаково",
        "place": "hamlet",
        "osm_id": 1183726101
      }
    },
    {
      "type": "Feature",
      "geometry": {
        "type": "Point",
        "coordinates": [
          85.8194603,
          54.9798227
        ]
      },
      "properties": {
        "name": "Октябрьский",
        "place": "hamlet",
        "osm_id": 1183726121
      }
    },
    {
      "type": "Feature",
      "geometry": {
        "type": "Point",
        "coordinates": [
          87.361237,
          54.275356
        ]
      },
      "properties": {
        "name": "Осиновка",
        "place": "hamlet",
        "osm_id": 1184105105
      }
    },
    {
      "type": "Feature",
      "geometry": {
        "type": "Point",
        "coordinates": [
          86.501671,
          54.093014
        ]
      },
      "properties": {
        "name": "Углерод",
        "place": "hamlet",
        "osm_id": 1184105176
      }
    },
    {
      "type": "Feature",
      "geometry": {
        "type": "Point",
        "coordinates": [
          86.343231,
          54.132484
        ]
      },
      "properties": {
        "name": "Тырган",
        "place": "hamlet",
        "osm_id": 1184105290
      }
    },
    {
      "type": "Feature",
      "geometry": {
        "type": "Point",
        "coordinates": [
          86.4949692,
          53.8741547
        ]
      },
      "properties": {
        "name": "Золх",
        "place": "hamlet",
        "osm_id": 1184105677
      }
    },
    {
      "type": "Feature",
      "geometry": {
        "type": "Point",
        "coordinates": [
          87.581139,
          53.679562
        ]
      },
      "properties": {
        "name": "Берензас",
        "place": "hamlet",
        "osm_id": 1184153099
      }
    },
    {
      "type": "Feature",
      "geometry": {
        "type": "Point",
        "coordinates": [
          87.584732,
          53.759632
        ]
      },
      "properties": {
        "name": "Черемза",
        "place": "hamlet",
        "osm_id": 1184153185
      }
    },
    {
      "type": "Feature",
      "geometry": {
        "type": "Point",
        "coordinates": [
          87.482925,
          53.678314
        ]
      },
      "properties": {
        "name": "Берёзовая Грива",
        "place": "hamlet",
        "osm_id": 1184153239
      }
    },
    {
      "type": "Feature",
      "geometry": {
        "type": "Point",
        "coordinates": [
          86.795563,
          53.701546
        ]
      },
      "properties": {
        "name": "Берёзово",
        "place": "village",
        "osm_id": 1184153326
      }
    },
    {
      "type": "Feature",
      "geometry": {
        "type": "Point",
        "coordinates": [
          87.413681,
          53.725246
        ]
      },
      "properties": {
        "name": "Баевка",
        "place": "village",
        "osm_id": 1184153423
      }
    },
    {
      "type": "Feature",
      "geometry": {
        "type": "Point",
        "coordinates": [
          87.552422,
          53.778408
        ]
      },
      "properties": {
        "name": "Безруково",
        "place": "village",
        "osm_id": 1184154297
      }
    },
    {
      "type": "Feature",
      "geometry": {
        "type": "Point",
        "coordinates": [
          87.406693,
          53.760323
        ]
      },
      "properties": {
        "name": "Тальжино",
        "place": "village",
        "osm_id": 1184154322
      }
    },
    {
      "type": "Feature",
      "geometry": {
        "type": "Point",
        "coordinates": [
          87.466736,
          53.823566
        ]
      },
      "properties": {
        "name": "Староабашево",
        "place": "hamlet",
        "osm_id": 1184154416
      }
    },
    {
      "type": "Feature",
      "geometry": {
        "type": "Point",
        "coordinates": [
          87.597176,
          53.70377
        ]
      },
      "properties": {
        "name": "Верх-Подобас",
        "place": "hamlet",
        "osm_id": 1184154501
      }
    },
    {
      "type": "Feature",
      "geometry": {
        "type": "Point",
        "coordinates": [
          86.971382,
          53.683422
        ]
      },
      "properties": {
        "name": "Южный",
        "place": "hamlet",
        "osm_id": 1184154524
      }
    },
    {
      "type": "Feature",
      "geometry": {
        "type": "Point",
        "coordinates": [
          86.97007,
          53.783794
        ]
      },
      "properties": {
        "name": "360 км",
        "place": "hamlet",
        "osm_id": 1184154659
      }
    },
    {
      "type": "Feature",
      "geometry": {
        "type": "Point",
        "coordinates": [
          87.439857,
          53.751202
        ]
      },
      "properties": {
        "name": "Тальжино",
        "place": "village",
        "osm_id": 1184154713
      }
    },
    {
      "type": "Feature",
      "geometry": {
        "type": "Point",
        "coordinates": [
          87.3644259,
          53.3794527
        ]
      },
      "properties": {
        "name": "Верх-Теш",
        "place": "hamlet",
        "osm_id": 1185412417
      }
    },
    {
      "type": "Feature",
      "geometry": {
        "type": "Point",
        "coordinates": [
          88.524306,
          53.1908707
        ]
      },
      "properties": {
        "name": "Учас",
        "place": "hamlet",
        "osm_id": 1186002864
      }
    },
    {
      "type": "Feature",
      "geometry": {
        "type": "Point",
        "coordinates": [
          88.3243359,
          53.6641043
        ]
      },
      "properties": {
        "name": "Студёный Плёс",
        "place": "hamlet",
        "osm_id": 1186003902
      }
    },
    {
      "type": "Feature",
      "geometry": {
        "type": "Point",
        "coordinates": [
          88.5121885,
          53.6541528
        ]
      },
      "properties": {
        "name": "Барсук",
        "place": "hamlet",
        "osm_id": 1186004314
      }
    },
    {
      "type": "Feature",
      "geometry": {
        "type": "Point",
        "coordinates": [
          87.5158276,
          52.9980172
        ]
      },
      "properties": {
        "name": "Каменный Карьер",
        "place": "hamlet",
        "osm_id": 1186030892
      }
    },
    {
      "type": "Feature",
      "geometry": {
        "type": "Point",
        "coordinates": [
          87.5950572,
          52.9298413
        ]
      },
      "properties": {
        "name": "534 км",
        "place": "hamlet",
        "osm_id": 1186030895
      }
    },
    {
      "type": "Feature",
      "geometry": {
        "type": "Point",
        "coordinates": [
          87.3912997,
          52.978193
        ]
      },
      "properties": {
        "name": "Веселая Грива",
        "place": "hamlet",
        "osm_id": 1186030905
      }
    },
    {
      "type": "Feature",
      "geometry": {
        "type": "Point",
        "coordinates": [
          86.943767,
          52.84432
        ]
      },
      "properties": {
        "name": "Берёзовая Речка",
        "place": "hamlet",
        "osm_id": 1186030910
      }
    },
    {
      "type": "Feature",
      "geometry": {
        "type": "Point",
        "coordinates": [
          87.7349183,
          52.927664
        ]
      },
      "properties": {
        "name": "545 км",
        "place": "hamlet",
        "osm_id": 1186030917
      }
    },
    {
      "type": "Feature",
      "geometry": {
        "type": "Point",
        "coordinates": [
          87.4968135,
          52.9177416
        ]
      },
      "properties": {
        "name": "527 км",
        "place": "hamlet",
        "osm_id": 1186030919
      }
    },
    {
      "type": "Feature",
      "geometry": {
        "type": "Point",
        "coordinates": [
          87.6374802,
          52.9233085
        ]
      },
      "properties": {
        "name": "538 км",
        "place": "hamlet",
        "osm_id": 1186030924
      }
    },
    {
      "type": "Feature",
      "geometry": {
        "type": "Point",
        "coordinates": [
          87.446251,
          52.9751964
        ]
      },
      "properties": {
        "name": "517 км",
        "place": "hamlet",
        "osm_id": 1186030960
      }
    },
    {
      "type": "Feature",
      "geometry": {
        "type": "Point",
        "coordinates": [
          87.459946,
          52.9842
        ]
      },
      "properties": {
        "name": "Петухов Лог",
        "place": "hamlet",
        "osm_id": 1186030978
      }
    },
    {
      "type": "Feature",
      "geometry": {
        "type": "Point",
        "coordinates": [
          87.793877,
          52.522236
        ]
      },
      "properties": {
        "name": "Килинск",
        "place": "hamlet",
        "osm_id": 1195840389
      }
    },
    {
      "type": "Feature",
      "geometry": {
        "type": "Point",
        "coordinates": [
          87.8079872,
          52.5273276
        ]
      },
      "properties": {
        "name": "Якунинск",
        "place": "hamlet",
        "osm_id": 1195840392
      }
    },
    {
      "type": "Feature",
      "geometry": {
        "type": "Point",
        "coordinates": [
          87.2373937,
          52.6296699
        ]
      },
      "properties": {
        "name": "Зайцево",
        "place": "hamlet",
        "osm_id": 1195840395
      }
    },
    {
      "type": "Feature",
      "geometry": {
        "type": "Point",
        "coordinates": [
          87.7396417,
          52.6212279
        ]
      },
      "properties": {
        "name": "Нижний Сокол",
        "place": "hamlet",
        "osm_id": 1195840407
      }
    },
    {
      "type": "Feature",
      "geometry": {
        "type": "Point",
        "coordinates": [
          88.1643631,
          52.6622177
        ]
      },
      "properties": {
        "name": "Сайзак",
        "place": "hamlet",
        "osm_id": 1195851394
      }
    },
    {
      "type": "Feature",
      "geometry": {
        "type": "Point",
        "coordinates": [
          88.422008,
          53.0067272
        ]
      },
      "properties": {
        "name": "Чазы-Бук",
        "place": "hamlet",
        "osm_id": 1195875742
      }
    },
    {
      "type": "Feature",
      "geometry": {
        "type": "Point",
        "coordinates": [
          88.43391,
          53.0872449
        ]
      },
      "properties": {
        "name": "Ближний Кезек",
        "place": "hamlet",
        "osm_id": 1195876004
      }
    },
    {
      "type": "Feature",
      "geometry": {
        "type": "Point",
        "coordinates": [
          88.3443143,
          53.1662822
        ]
      },
      "properties": {
        "name": "Парушка",
        "place": "hamlet",
        "osm_id": 1195876114
      }
    },
    {
      "type": "Feature",
      "geometry": {
        "type": "Point",
        "coordinates": [
          88.4142224,
          53.0904211
        ]
      },
      "properties": {
        "name": "Дальний Кезек",
        "place": "hamlet",
        "osm_id": 1195876259
      }
    },
    {
      "type": "Feature",
      "geometry": {
        "type": "Point",
        "coordinates": [
          88.4394792,
          53.0570747
        ]
      },
      "properties": {
        "name": "Верхний Анзас",
        "place": "hamlet",
        "osm_id": 1195876330
      }
    },
    {
      "type": "Feature",
      "geometry": {
        "type": "Point",
        "coordinates": [
          87.6813811,
          53.4059631
        ]
      },
      "properties": {
        "name": "Берёзовый",
        "place": "hamlet",
        "osm_id": 1196634694
      }
    },
    {
      "type": "Feature",
      "geometry": {
        "type": "Point",
        "coordinates": [
          87.6182002,
          53.7224178
        ]
      },
      "properties": {
        "name": "Берензас",
        "place": "village",
        "osm_id": 1196635104
      }
    },
    {
      "type": "Feature",
      "geometry": {
        "type": "Point",
        "coordinates": [
          87.7120209,
          53.770202
        ]
      },
      "properties": {
        "name": "Балбынь",
        "place": "hamlet",
        "osm_id": 1196635165
      }
    },
    {
      "type": "Feature",
      "geometry": {
        "type": "Point",
        "coordinates": [
          87.2700189,
          53.2765382
        ]
      },
      "properties": {
        "name": "Подкатунь",
        "place": "hamlet",
        "osm_id": 1196652530
      }
    },
    {
      "type": "Feature",
      "geometry": {
        "type": "Point",
        "coordinates": [
          87.370018,
          53.229645
        ]
      },
      "properties": {
        "name": "Тельбес",
        "place": "hamlet",
        "osm_id": 1196652534
      }
    },
    {
      "type": "Feature",
      "geometry": {
        "type": "Point",
        "coordinates": [
          87.73093,
          52.7393001
        ]
      },
      "properties": {
        "name": "Усть-Уруш",
        "place": "hamlet",
        "osm_id": 1196652592
      }
    },
    {
      "type": "Feature",
      "geometry": {
        "type": "Point",
        "coordinates": [
          87.380386,
          53.144222
        ]
      },
      "properties": {
        "name": "Учулен",
        "place": "hamlet",
        "osm_id": 1196652598
      }
    },
    {
      "type": "Feature",
      "geometry": {
        "type": "Point",
        "coordinates": [
          87.6483051,
          52.7146511
        ]
      },
      "properties": {
        "name": "Турла",
        "place": "hamlet",
        "osm_id": 1196652618
      }
    },
    {
      "type": "Feature",
      "geometry": {
        "type": "Point",
        "coordinates": [
          87.3147287,
          53.127062
        ]
      },
      "properties": {
        "name": "Кедровка",
        "place": "hamlet",
        "osm_id": 1196652622
      }
    },
    {
      "type": "Feature",
      "geometry": {
        "type": "Point",
        "coordinates": [
          87.5123828,
          53.0918027
        ]
      },
      "properties": {
        "name": "Тенеш",
        "place": "hamlet",
        "osm_id": 1196652726
      }
    },
    {
      "type": "Feature",
      "geometry": {
        "type": "Point",
        "coordinates": [
          87.7063909,
          52.7260787
        ]
      },
      "properties": {
        "name": "Тарлашка",
        "place": "hamlet",
        "osm_id": 1196652751
      }
    },
    {
      "type": "Feature",
      "geometry": {
        "type": "Point",
        "coordinates": [
          88.3899063,
          52.9275863
        ]
      },
      "properties": {
        "name": "Усть-Азас (Шортайга)",
        "place": "hamlet",
        "osm_id": 1196879237
      }
    },
    {
      "type": "Feature",
      "geometry": {
        "type": "Point",
        "coordinates": [
          88.371888,
          52.7021642
        ]
      },
      "properties": {
        "name": "Верхний Алзак",
        "place": "hamlet",
        "osm_id": 1196879255
      }
    },
    {
      "type": "Feature",
      "geometry": {
        "type": "Point",
        "coordinates": [
          88.4664309,
          52.6500722
        ]
      },
      "properties": {
        "name": "Верхний Бугзас",
        "place": "hamlet",
        "osm_id": 1196879280
      }
    },
    {
      "type": "Feature",
      "geometry": {
        "type": "Point",
        "coordinates": [
          88.4054063,
          52.8317937
        ]
      },
      "properties": {
        "name": "Усть-Пызас",
        "place": "hamlet",
        "osm_id": 1196879303
      }
    },
    {
      "type": "Feature",
      "geometry": {
        "type": "Point",
        "coordinates": [
          88.2203161,
          52.7572227
        ]
      },
      "properties": {
        "name": "Нижние Кичи",
        "place": "hamlet",
        "osm_id": 1196879317
      }
    },
    {
      "type": "Feature",
      "geometry": {
        "type": "Point",
        "coordinates": [
          88.5553184,
          52.6659749
        ]
      },
      "properties": {
        "name": "Эльбеза",
        "place": "hamlet",
        "osm_id": 1196879320
      }
    },
    {
      "type": "Feature",
      "geometry": {
        "type": "Point",
        "coordinates": [
          88.3426762,
          52.7095663
        ]
      },
      "properties": {
        "name": "Нижний Алзак",
        "place": "hamlet",
        "osm_id": 1196879322
      }
    },
    {
      "type": "Feature",
      "geometry": {
        "type": "Point",
        "coordinates": [
          88.2694387,
          52.7967213
        ]
      },
      "properties": {
        "name": "Средняя Пурла",
        "place": "hamlet",
        "osm_id": 1196879329
      }
    },
    {
      "type": "Feature",
      "geometry": {
        "type": "Point",
        "coordinates": [
          88.4366252,
          52.8300311
        ]
      },
      "properties": {
        "name": "Таска",
        "place": "hamlet",
        "osm_id": 1196879349
      }
    },
    {
      "type": "Feature",
      "geometry": {
        "type": "Point",
        "coordinates": [
          88.195229,
          52.744408
        ]
      },
      "properties": {
        "name": "Средние Кичи",
        "place": "hamlet",
        "osm_id": 1196879359
      }
    },
    {
      "type": "Feature",
      "geometry": {
        "type": "Point",
        "coordinates": [
          88.5229811,
          52.6654454
        ]
      },
      "properties": {
        "name": "Средний Бугзас",
        "place": "hamlet",
        "osm_id": 1196879397
      }
    },
    {
      "type": "Feature",
      "geometry": {
        "type": "Point",
        "coordinates": [
          88.312309,
          52.6533203
        ]
      },
      "properties": {
        "name": "Белка",
        "place": "hamlet",
        "osm_id": 1196879411
      }
    },
    {
      "type": "Feature",
      "geometry": {
        "type": "Point",
        "coordinates": [
          88.509363,
          52.8280615
        ]
      },
      "properties": {
        "name": "Парлагол",
        "place": "hamlet",
        "osm_id": 1196879436
      }
    },
    {
      "type": "Feature",
      "geometry": {
        "type": "Point",
        "coordinates": [
          85.8180086,
          54.7014044
        ]
      },
      "properties": {
        "name": "Соколовка",
        "place": "hamlet",
        "osm_id": 1196918525
      }
    },
    {
      "type": "Feature",
      "geometry": {
        "type": "Point",
        "coordinates": [
          85.8586482,
          54.5686061
        ]
      },
      "properties": {
        "name": "Возвышенка",
        "place": "village",
        "osm_id": 1196918531
      }
    },
    {
      "type": "Feature",
      "geometry": {
        "type": "Point",
        "coordinates": [
          85.717598,
          54.586262
        ]
      },
      "properties": {
        "name": "Южный",
        "place": "hamlet",
        "osm_id": 1196918684
      }
    },
    {
      "type": "Feature",
      "geometry": {
        "type": "Point",
        "coordinates": [
          85.8082631,
          54.7153949
        ]
      },
      "properties": {
        "name": "Карьер (Белая Глинка)",
        "place": "hamlet",
        "osm_id": 1196918709
      }
    },
    {
      "type": "Feature",
      "geometry": {
        "type": "Point",
        "coordinates": [
          85.944794,
          54.552559
        ]
      },
      "properties": {
        "name": "Ивановка",
        "place": "hamlet",
        "osm_id": 1196918725
      }
    },
    {
      "type": "Feature",
      "geometry": {
        "type": "Point",
        "coordinates": [
          86.080162,
          54.687725
        ]
      },
      "properties": {
        "name": "Егозово",
        "place": "village",
        "osm_id": 1196918742
      }
    },
    {
      "type": "Feature",
      "geometry": {
        "type": "Point",
        "coordinates": [
          85.8762384,
          54.6988423
        ]
      },
      "properties": {
        "name": "Ракитный",
        "place": "hamlet",
        "osm_id": 1196918773
      }
    },
    {
      "type": "Feature",
      "geometry": {
        "type": "Point",
        "coordinates": [
          85.6645233,
          51.9585393
        ]
      },
      "properties": {
        "name": "Верх-Ая",
        "place": "village",
        "osm_id": 1198100000
      }
    },
    {
      "type": "Feature",
      "geometry": {
        "type": "Point",
        "coordinates": [
          87.018044,
          53.616302
        ]
      },
      "properties": {
        "name": "Калиновский",
        "place": "hamlet",
        "osm_id": 1201789276
      }
    },
    {
      "type": "Feature",
      "geometry": {
        "type": "Point",
        "coordinates": [
          87.573906,
          54.115757
        ]
      },
      "properties": {
        "name": "Увал",
        "place": "hamlet",
        "osm_id": 1201789277
      }
    },
    {
      "type": "Feature",
      "geometry": {
        "type": "Point",
        "coordinates": [
          87.410324,
          54.032951
        ]
      },
      "properties": {
        "name": "Славино",
        "place": "village",
        "osm_id": 1201789278
      }
    },
    {
      "type": "Feature",
      "geometry": {
        "type": "Point",
        "coordinates": [
          87.056068,
          53.677898
        ]
      },
      "properties": {
        "name": "Пушкино",
        "place": "hamlet",
        "osm_id": 1201815134
      }
    },
    {
      "type": "Feature",
      "geometry": {
        "type": "Point",
        "coordinates": [
          87.086754,
          53.550957
        ]
      },
      "properties": {
        "name": "Малиновка",
        "place": "hamlet",
        "osm_id": 1201815182
      }
    },
    {
      "type": "Feature",
      "geometry": {
        "type": "Point",
        "coordinates": [
          87.080025,
          53.566113
        ]
      },
      "properties": {
        "name": "Юрьевка",
        "place": "hamlet",
        "osm_id": 1201815222
      }
    },
    {
      "type": "Feature",
      "geometry": {
        "type": "Point",
        "coordinates": [
          87.00547,
          53.685181
        ]
      },
      "properties": {
        "name": "Ленинский",
        "place": "hamlet",
        "osm_id": 1201815234
      }
    },
    {
      "type": "Feature",
      "geometry": {
        "type": "Point",
        "coordinates": [
          87.1038436,
          53.5575721
        ]
      },
      "properties": {
        "name": "Таргайский дом отдыха",
        "place": "village",
        "osm_id": 1201815235
      }
    },
    {
      "type": "Feature",
      "geometry": {
        "type": "Point",
        "coordinates": [
          87.05806,
          53.701309
        ]
      },
      "properties": {
        "name": "Новый",
        "place": "hamlet",
        "osm_id": 1201815271
      }
    },
    {
      "type": "Feature",
      "geometry": {
        "type": "Point",
        "coordinates": [
          87.059692,
          53.633381
        ]
      },
      "properties": {
        "name": "Красинск",
        "place": "hamlet",
        "osm_id": 1201815379
      }
    },
    {
      "type": "Feature",
      "geometry": {
        "type": "Point",
        "coordinates": [
          87.312881,
          53.937881
        ]
      },
      "properties": {
        "name": "Мокроусово",
        "place": "hamlet",
        "osm_id": 1201877580
      }
    },
    {
      "type": "Feature",
      "geometry": {
        "type": "Point",
        "coordinates": [
          87.4712085,
          53.9047363
        ]
      },
      "properties": {
        "name": "Керегеш",
        "place": "hamlet",
        "osm_id": 1201877591
      }
    },
    {
      "type": "Feature",
      "geometry": {
        "type": "Point",
        "coordinates": [
          87.49752,
          54.031353
        ]
      },
      "properties": {
        "name": "Чистая Грива",
        "place": "hamlet",
        "osm_id": 1201877595
      }
    },
    {
      "type": "Feature",
      "geometry": {
        "type": "Point",
        "coordinates": [
          87.3428213,
          53.9372583
        ]
      },
      "properties": {
        "name": "Бардина",
        "place": "hamlet",
        "osm_id": 1201877597
      }
    },
    {
      "type": "Feature",
      "geometry": {
        "type": "Point",
        "coordinates": [
          87.3348475,
          53.9925328
        ]
      },
      "properties": {
        "name": "Терехино",
        "place": "village",
        "osm_id": 1201877604
      }
    },
    {
      "type": "Feature",
      "geometry": {
        "type": "Point",
        "coordinates": [
          87.043999,
          53.333309
        ]
      },
      "properties": {
        "name": "Килинск",
        "place": "hamlet",
        "osm_id": 1201885227
      }
    },
    {
      "type": "Feature",
      "geometry": {
        "type": "Point",
        "coordinates": [
          86.997871,
          53.324463
        ]
      },
      "properties": {
        "name": "Бенжереп 1-й",
        "place": "village",
        "osm_id": 1201885228
      }
    },
    {
      "type": "Feature",
      "geometry": {
        "type": "Point",
        "coordinates": [
          87.0084,
          53.287758
        ]
      },
      "properties": {
        "name": "Юла",
        "place": "hamlet",
        "osm_id": 1201885231
      }
    },
    {
      "type": "Feature",
      "geometry": {
        "type": "Point",
        "coordinates": [
          86.795395,
          53.262932
        ]
      },
      "properties": {
        "name": "Бенжереп 2-й",
        "place": "hamlet",
        "osm_id": 1201885237
      }
    },
    {
      "type": "Feature",
      "geometry": {
        "type": "Point",
        "coordinates": [
          85.6269154,
          52.6029431
        ]
      },
      "properties": {
        "name": "Стан-Бехтемир",
        "place": "village",
        "osm_id": 1201886176
      }
    },
    {
      "type": "Feature",
      "geometry": {
        "type": "Point",
        "coordinates": [
          85.9074334,
          52.768925
        ]
      },
      "properties": {
        "name": "Верх-Бехтемир",
        "place": "village",
        "osm_id": 1201886185
      }
    },
    {
      "type": "Feature",
      "geometry": {
        "type": "Point",
        "coordinates": [
          85.7925588,
          52.3835544
        ]
      },
      "properties": {
        "name": "Образцовка",
        "place": "hamlet",
        "osm_id": 1201886197
      }
    },
    {
      "type": "Feature",
      "geometry": {
        "type": "Point",
        "coordinates": [
          87.118553,
          53.61726
        ]
      },
      "properties": {
        "name": "Гавриловка",
        "place": "hamlet",
        "osm_id": 1201897928
      }
    },
    {
      "type": "Feature",
      "geometry": {
        "type": "Point",
        "coordinates": [
          87.075829,
          53.497353
        ]
      },
      "properties": {
        "name": "Белорус",
        "place": "hamlet",
        "osm_id": 1201948319
      }
    },
    {
      "type": "Feature",
      "geometry": {
        "type": "Point",
        "coordinates": [
          87.148567,
          53.456062
        ]
      },
      "properties": {
        "name": "Рябиновка",
        "place": "hamlet",
        "osm_id": 1201948433
      }
    },
    {
      "type": "Feature",
      "geometry": {
        "type": "Point",
        "coordinates": [
          87.10276,
          53.530182
        ]
      },
      "properties": {
        "name": "Нижние Кинерки",
        "place": "hamlet",
        "osm_id": 1201948697
      }
    },
    {
      "type": "Feature",
      "geometry": {
        "type": "Point",
        "coordinates": [
          87.279839,
          53.578087
        ]
      },
      "properties": {
        "name": "Фёдоровка",
        "place": "hamlet",
        "osm_id": 1201948913
      }
    },
    {
      "type": "Feature",
      "geometry": {
        "type": "Point",
        "coordinates": [
          87.303146,
          53.598549
        ]
      },
      "properties": {
        "name": "Заречный",
        "place": "village",
        "osm_id": 1201948947
      }
    },
    {
      "type": "Feature",
      "geometry": {
        "type": "Point",
        "coordinates": [
          87.250687,
          53.620171
        ]
      },
      "properties": {
        "name": "Кульчаны",
        "place": "hamlet",
        "osm_id": 1201949078
      }
    },
    {
      "type": "Feature",
      "geometry": {
        "type": "Point",
        "coordinates": [
          87.057953,
          53.433304
        ]
      },
      "properties": {
        "name": "Подгорная",
        "place": "hamlet",
        "osm_id": 1201949147
      }
    },
    {
      "type": "Feature",
      "geometry": {
        "type": "Point",
        "coordinates": [
          87.2642881,
          53.4055741
        ]
      },
      "properties": {
        "name": "Карчагол",
        "place": "hamlet",
        "osm_id": 1201949217
      }
    },
    {
      "type": "Feature",
      "geometry": {
        "type": "Point",
        "coordinates": [
          87.30352,
          53.436646
        ]
      },
      "properties": {
        "name": "Подкорчияк",
        "place": "hamlet",
        "osm_id": 1201949317
      }
    },
    {
      "type": "Feature",
      "geometry": {
        "type": "Point",
        "coordinates": [
          87.12529,
          53.392586
        ]
      },
      "properties": {
        "name": "Гавриловка",
        "place": "hamlet",
        "osm_id": 1202008813
      }
    },
    {
      "type": "Feature",
      "geometry": {
        "type": "Point",
        "coordinates": [
          86.3593545,
          53.1201248
        ]
      },
      "properties": {
        "name": "Анамас",
        "place": "hamlet",
        "osm_id": 1202033285
      }
    },
    {
      "type": "Feature",
      "geometry": {
        "type": "Point",
        "coordinates": [
          86.4275931,
          53.0744302
        ]
      },
      "properties": {
        "name": "Верх-Неня",
        "place": "village",
        "osm_id": 1202033309
      }
    },
    {
      "type": "Feature",
      "geometry": {
        "type": "Point",
        "coordinates": [
          86.1552611,
          53.198321
        ]
      },
      "properties": {
        "name": "Черемшанка",
        "place": "village",
        "osm_id": 1202033320
      }
    },
    {
      "type": "Feature",
      "geometry": {
        "type": "Point",
        "coordinates": [
          86.5656876,
          53.1915499
        ]
      },
      "properties": {
        "name": "Последниково",
        "place": "hamlet",
        "osm_id": 1202033327
      }
    },
    {
      "type": "Feature",
      "geometry": {
        "type": "Point",
        "coordinates": [
          86.6530243,
          53.0537258
        ]
      },
      "properties": {
        "name": "Кедровка",
        "place": "hamlet",
        "osm_id": 1202033351
      }
    },
    {
      "type": "Feature",
      "geometry": {
        "type": "Point",
        "coordinates": [
          86.3119472,
          53.3567399
        ]
      },
      "properties": {
        "name": "Новокаменка",
        "place": "village",
        "osm_id": 1202033356
      }
    },
    {
      "type": "Feature",
      "geometry": {
        "type": "Point",
        "coordinates": [
          86.5850884,
          53.1560427
        ]
      },
      "properties": {
        "name": "Бахта",
        "place": "hamlet",
        "osm_id": 1202033361
      }
    },
    {
      "type": "Feature",
      "geometry": {
        "type": "Point",
        "coordinates": [
          85.8777273,
          53.2650189
        ]
      },
      "properties": {
        "name": "Аксёново",
        "place": "hamlet",
        "osm_id": 1202033364
      }
    },
    {
      "type": "Feature",
      "geometry": {
        "type": "Point",
        "coordinates": [
          85.9644126,
          53.2173647
        ]
      },
      "properties": {
        "name": "Брагино",
        "place": "hamlet",
        "osm_id": 1202033368
      }
    },
    {
      "type": "Feature",
      "geometry": {
        "type": "Point",
        "coordinates": [
          86.4316866,
          53.2308555
        ]
      },
      "properties": {
        "name": "Калтык",
        "place": "hamlet",
        "osm_id": 1202033372
      }
    },
    {
      "type": "Feature",
      "geometry": {
        "type": "Point",
        "coordinates": [
          86.4606104,
          53.1911586
        ]
      },
      "properties": {
        "name": "Чистая Грива",
        "place": "hamlet",
        "osm_id": 1202033403
      }
    },
    {
      "type": "Feature",
      "geometry": {
        "type": "Point",
        "coordinates": [
          86.6107263,
          53.2239727
        ]
      },
      "properties": {
        "name": "Казанск",
        "place": "hamlet",
        "osm_id": 1202033408
      }
    },
    {
      "type": "Feature",
      "geometry": {
        "type": "Point",
        "coordinates": [
          86.4291265,
          53.2027702
        ]
      },
      "properties": {
        "name": "Пуштулим",
        "place": "village",
        "osm_id": 1202033412
      }
    },
    {
      "type": "Feature",
      "geometry": {
        "type": "Point",
        "coordinates": [
          86.5847601,
          53.2659909
        ]
      },
      "properties": {
        "name": "Вятск",
        "place": "hamlet",
        "osm_id": 1202033414
      }
    },
    {
      "type": "Feature",
      "geometry": {
        "type": "Point",
        "coordinates": [
          86.4985151,
          53.1555568
        ]
      },
      "properties": {
        "name": "Троицк",
        "place": "hamlet",
        "osm_id": 1202033417
      }
    },
    {
      "type": "Feature",
      "geometry": {
        "type": "Point",
        "coordinates": [
          87.1672696,
          53.2849559
        ]
      },
      "properties": {
        "name": "Крутая",
        "place": "hamlet",
        "osm_id": 1202078589
      }
    },
    {
      "type": "Feature",
      "geometry": {
        "type": "Point",
        "coordinates": [
          87.137444,
          53.254383
        ]
      },
      "properties": {
        "name": "Шартонка",
        "place": "hamlet",
        "osm_id": 1202078591
      }
    },
    {
      "type": "Feature",
      "geometry": {
        "type": "Point",
        "coordinates": [
          87.260544,
          53.355209
        ]
      },
      "properties": {
        "name": "Подстрелка",
        "place": "hamlet",
        "osm_id": 1202078593
      }
    },
    {
      "type": "Feature",
      "geometry": {
        "type": "Point",
        "coordinates": [
          87.192383,
          53.285042
        ]
      },
      "properties": {
        "name": "Осман",
        "place": "hamlet",
        "osm_id": 1202078595
      }
    },
    {
      "type": "Feature",
      "geometry": {
        "type": "Point",
        "coordinates": [
          87.15992,
          53.310429
        ]
      },
      "properties": {
        "name": "Курья",
        "place": "hamlet",
        "osm_id": 1202078597
      }
    },
    {
      "type": "Feature",
      "geometry": {
        "type": "Point",
        "coordinates": [
          87.3050654,
          54.1103602
        ]
      },
      "properties": {
        "name": "Новостройка",
        "place": "hamlet",
        "osm_id": 1202078612
      }
    },
    {
      "type": "Feature",
      "geometry": {
        "type": "Point",
        "coordinates": [
          87.1702292,
          53.3002765
        ]
      },
      "properties": {
        "name": "Балластный Карьер",
        "place": "hamlet",
        "osm_id": 1202078614
      }
    },
    {
      "type": "Feature",
      "geometry": {
        "type": "Point",
        "coordinates": [
          87.323135,
          54.102093
        ]
      },
      "properties": {
        "name": "Усково",
        "place": "hamlet",
        "osm_id": 1202082649
      }
    },
    {
      "type": "Feature",
      "geometry": {
        "type": "Point",
        "coordinates": [
          87.220848,
          54.081867
        ]
      },
      "properties": {
        "name": "Успенка",
        "place": "village",
        "osm_id": 1202082651
      }
    },
    {
      "type": "Feature",
      "geometry": {
        "type": "Point",
        "coordinates": [
          87.007149,
          54.052818
        ]
      },
      "properties": {
        "name": "Весёлый",
        "place": "hamlet",
        "osm_id": 1202082653
      }
    },
    {
      "type": "Feature",
      "geometry": {
        "type": "Point",
        "coordinates": [
          85.65962,
          53.9496608
        ]
      },
      "properties": {
        "name": "Тягун",
        "place": "village",
        "osm_id": 1214887939
      }
    },
    {
      "type": "Feature",
      "geometry": {
        "type": "Point",
        "coordinates": [
          85.8833297,
          54.0296571
        ]
      },
      "properties": {
        "name": "Аламбай",
        "place": "village",
        "osm_id": 1214887946
      }
    },
    {
      "type": "Feature",
      "geometry": {
        "type": "Point",
        "coordinates": [
          85.9651222,
          52.1802404
        ]
      },
      "properties": {
        "name": "Усть-Иша",
        "place": "village",
        "osm_id": 1214890542
      }
    },
    {
      "type": "Feature",
      "geometry": {
        "type": "Point",
        "coordinates": [
          85.6729905,
          53.4517666
        ]
      },
      "properties": {
        "name": "Новодуплинка",
        "place": "hamlet",
        "osm_id": 1246629542
      }
    },
    {
      "type": "Feature",
      "geometry": {
        "type": "Point",
        "coordinates": [
          85.7639889,
          53.4159887
        ]
      },
      "properties": {
        "name": "Титово",
        "place": "village",
        "osm_id": 1246629549
      }
    },
    {
      "type": "Feature",
      "geometry": {
        "type": "Point",
        "coordinates": [
          85.6592375,
          53.6847246
        ]
      },
      "properties": {
        "name": "Отрадное",
        "place": "hamlet",
        "osm_id": 1246629554
      }
    },
    {
      "type": "Feature",
      "geometry": {
        "type": "Point",
        "coordinates": [
          85.613183,
          53.4770285
        ]
      },
      "properties": {
        "name": "Новоозёрное",
        "place": "hamlet",
        "osm_id": 1246629563
      }
    },
    {
      "type": "Feature",
      "geometry": {
        "type": "Point",
        "coordinates": [
          85.6130006,
          53.7038146
        ]
      },
      "properties": {
        "name": "Усково",
        "place": "hamlet",
        "osm_id": 1246629567
      }
    },
    {
      "type": "Feature",
      "geometry": {
        "type": "Point",
        "coordinates": [
          85.6966768,
          53.6167273
        ]
      },
      "properties": {
        "name": "Новохмелёвка",
        "place": "hamlet",
        "osm_id": 1246629573
      }
    },
    {
      "type": "Feature",
      "geometry": {
        "type": "Point",
        "coordinates": [
          85.610584,
          53.446827
        ]
      },
      "properties": {
        "name": "Ясашино",
        "place": "hamlet",
        "osm_id": 1246629585
      }
    },
    {
      "type": "Feature",
      "geometry": {
        "type": "Point",
        "coordinates": [
          85.6070086,
          53.5598783
        ]
      },
      "properties": {
        "name": "Семёно-Красилово",
        "place": "village",
        "osm_id": 1246629586
      }
    },
    {
      "type": "Feature",
      "geometry": {
        "type": "Point",
        "coordinates": [
          85.6080633,
          53.7729473
        ]
      },
      "properties": {
        "name": "Врублёвский",
        "place": "hamlet",
        "osm_id": 1246629589
      }
    },
    {
      "type": "Feature",
      "geometry": {
        "type": "Point",
        "coordinates": [
          85.7145347,
          53.5393043
        ]
      },
      "properties": {
        "name": "Каменка",
        "place": "hamlet",
        "osm_id": 1246629617
      }
    },
    {
      "type": "Feature",
      "geometry": {
        "type": "Point",
        "coordinates": [
          86.1912306,
          53.4670338
        ]
      },
      "properties": {
        "name": "Верх-Коптелка",
        "place": "village",
        "osm_id": 1246634524
      }
    },
    {
      "type": "Feature",
      "geometry": {
        "type": "Point",
        "coordinates": [
          85.951804,
          53.4585106
        ]
      },
      "properties": {
        "name": "Льнозавод",
        "place": "village",
        "osm_id": 1246634525
      }
    },
    {
      "type": "Feature",
      "geometry": {
        "type": "Point",
        "coordinates": [
          86.0071574,
          53.133532
        ]
      },
      "properties": {
        "name": "Степь-Чумыш",
        "place": "village",
        "osm_id": 1246657389
      }
    },
    {
      "type": "Feature",
      "geometry": {
        "type": "Point",
        "coordinates": [
          86.0212591,
          53.1158697
        ]
      },
      "properties": {
        "name": "Победа",
        "place": "village",
        "osm_id": 1246657394
      }
    },
    {
      "type": "Feature",
      "geometry": {
        "type": "Point",
        "coordinates": [
          85.7159256,
          53.1896566
        ]
      },
      "properties": {
        "name": "Еланда",
        "place": "village",
        "osm_id": 1246657399
      }
    },
    {
      "type": "Feature",
      "geometry": {
        "type": "Point",
        "coordinates": [
          86.2577694,
          53.0071358
        ]
      },
      "properties": {
        "name": "Поповичи",
        "place": "village",
        "osm_id": 1246657402
      }
    },
    {
      "type": "Feature",
      "geometry": {
        "type": "Point",
        "coordinates": [
          85.888426,
          52.8566374
        ]
      },
      "properties": {
        "name": "Шадрино",
        "place": "hamlet",
        "osm_id": 1246657406
      }
    },
    {
      "type": "Feature",
      "geometry": {
        "type": "Point",
        "coordinates": [
          85.7694506,
          52.8829871
        ]
      },
      "properties": {
        "name": "Бочкари",
        "place": "village",
        "osm_id": 1246657443
      }
    },
    {
      "type": "Feature",
      "geometry": {
        "type": "Point",
        "coordinates": [
          86.0844161,
          52.9276128
        ]
      },
      "properties": {
        "name": "Овсянниково",
        "place": "village",
        "osm_id": 1246657462
      }
    },
    {
      "type": "Feature",
      "geometry": {
        "type": "Point",
        "coordinates": [
          86.2149809,
          53.0510356
        ]
      },
      "properties": {
        "name": "Локоть",
        "place": "village",
        "osm_id": 1246657465
      }
    },
    {
      "type": "Feature",
      "geometry": {
        "type": "Point",
        "coordinates": [
          85.8023049,
          52.9953993
        ]
      },
      "properties": {
        "name": "Верх-Яминское",
        "place": "village",
        "osm_id": 1246657472
      }
    },
    {
      "type": "Feature",
      "geometry": {
        "type": "Point",
        "coordinates": [
          86.0990412,
          53.0798932
        ]
      },
      "properties": {
        "name": "Чесноково",
        "place": "hamlet",
        "osm_id": 1246657474
      }
    },
    {
      "type": "Feature",
      "geometry": {
        "type": "Point",
        "coordinates": [
          86.4543423,
          52.5523413
        ]
      },
      "properties": {
        "name": "Макарьевское",
        "place": "hamlet",
        "osm_id": 1248296551
      }
    },
    {
      "type": "Feature",
      "geometry": {
        "type": "Point",
        "coordinates": [
          86.3062339,
          52.3633391
        ]
      },
      "properties": {
        "name": "Чапша",
        "place": "hamlet",
        "osm_id": 1248296552
      }
    },
    {
      "type": "Feature",
      "geometry": {
        "type": "Point",
        "coordinates": [
          86.0695748,
          52.1608945
        ]
      },
      "properties": {
        "name": "Горный",
        "place": "hamlet",
        "osm_id": 1248296557
      }
    },
    {
      "type": "Feature",
      "geometry": {
        "type": "Point",
        "coordinates": [
          86.3042414,
          52.2509076
        ]
      },
      "properties": {
        "name": "Карагайка",
        "place": "hamlet",
        "osm_id": 1248296559
      }
    },
    {
      "type": "Feature",
      "geometry": {
        "type": "Point",
        "coordinates": [
          86.340981,
          52.584541
        ]
      },
      "properties": {
        "name": "имени Фрунзе",
        "place": "village",
        "osm_id": 1248296560
      }
    },
    {
      "type": "Feature",
      "geometry": {
        "type": "Point",
        "coordinates": [
          86.1333455,
          52.343557
        ]
      },
      "properties": {
        "name": "Луговое",
        "place": "hamlet",
        "osm_id": 1248296565
      }
    },
    {
      "type": "Feature",
      "geometry": {
        "type": "Point",
        "coordinates": [
          86.3449571,
          52.1864505
        ]
      },
      "properties": {
        "name": "Тайна",
        "place": "hamlet",
        "osm_id": 1248296566
      }
    },
    {
      "type": "Feature",
      "geometry": {
        "type": "Point",
        "coordinates": [
          86.5462991,
          52.5777095
        ]
      },
      "properties": {
        "name": "Сосновка",
        "place": "hamlet",
        "osm_id": 1248296567
      }
    },
    {
      "type": "Feature",
      "geometry": {
        "type": "Point",
        "coordinates": [
          86.2800661,
          52.4105737
        ]
      },
      "properties": {
        "name": "Иртышкино",
        "place": "hamlet",
        "osm_id": 1248296570
      }
    },
    {
      "type": "Feature",
      "geometry": {
        "type": "Point",
        "coordinates": [
          86.0432236,
          52.3197789
        ]
      },
      "properties": {
        "name": "Талый",
        "place": "village",
        "osm_id": 1248296572
      }
    },
    {
      "type": "Feature",
      "geometry": {
        "type": "Point",
        "coordinates": [
          86.4691043,
          52.3570398
        ]
      },
      "properties": {
        "name": "Калташ",
        "place": "hamlet",
        "osm_id": 1248296574
      }
    },
    {
      "type": "Feature",
      "geometry": {
        "type": "Point",
        "coordinates": [
          85.9683068,
          52.4040705
        ]
      },
      "properties": {
        "name": "Многопольное",
        "place": "hamlet",
        "osm_id": 1248296578
      }
    },
    {
      "type": "Feature",
      "geometry": {
        "type": "Point",
        "coordinates": [
          86.1302685,
          52.594723
        ]
      },
      "properties": {
        "name": "Лебяжье",
        "place": "village",
        "osm_id": 1248296580
      }
    },
    {
      "type": "Feature",
      "geometry": {
        "type": "Point",
        "coordinates": [
          86.3985695,
          52.4586262
        ]
      },
      "properties": {
        "name": "Кажа",
        "place": "hamlet",
        "osm_id": 1248296581
      }
    },
    {
      "type": "Feature",
      "geometry": {
        "type": "Point",
        "coordinates": [
          85.8259146,
          52.3512066
        ]
      },
      "properties": {
        "name": "Берёзовка",
        "place": "village",
        "osm_id": 1248296583
      }
    },
    {
      "type": "Feature",
      "geometry": {
        "type": "Point",
        "coordinates": [
          86.0784174,
          52.4758421
        ]
      },
      "properties": {
        "name": "Каменка",
        "place": "hamlet",
        "osm_id": 1248296584
      }
    },
    {
      "type": "Feature",
      "geometry": {
        "type": "Point",
        "coordinates": [
          86.2458244,
          52.3329612
        ]
      },
      "properties": {
        "name": "Егона",
        "place": "hamlet",
        "osm_id": 1248296586
      }
    },
    {
      "type": "Feature",
      "geometry": {
        "type": "Point",
        "coordinates": [
          85.8848497,
          52.2066131
        ]
      },
      "properties": {
        "name": "Мост Иша",
        "place": "hamlet",
        "osm_id": 1248296587
      }
    },
    {
      "type": "Feature",
      "geometry": {
        "type": "Point",
        "coordinates": [
          86.077145,
          52.1407333
        ]
      },
      "properties": {
        "name": "Карагуж",
        "place": "village",
        "osm_id": 1248296588
      }
    },
    {
      "type": "Feature",
      "geometry": {
        "type": "Point",
        "coordinates": [
          86.3908377,
          52.2217474
        ]
      },
      "properties": {
        "name": "Ивановка",
        "place": "hamlet",
        "osm_id": 1248296600
      }
    },
    {
      "type": "Feature",
      "geometry": {
        "type": "Point",
        "coordinates": [
          86.3332307,
          52.5416495
        ]
      },
      "properties": {
        "name": "Усть-Кажа",
        "place": "village",
        "osm_id": 1248296606
      }
    },
    {
      "type": "Feature",
      "geometry": {
        "type": "Point",
        "coordinates": [
          85.9552256,
          52.2236578
        ]
      },
      "properties": {
        "name": "Новая Суртайка",
        "place": "hamlet",
        "osm_id": 1248296609
      }
    },
    {
      "type": "Feature",
      "geometry": {
        "type": "Point",
        "coordinates": [
          86.1929278,
          52.2498344
        ]
      },
      "properties": {
        "name": "Ужлеп",
        "place": "hamlet",
        "osm_id": 1248296611
      }
    },
    {
      "type": "Feature",
      "geometry": {
        "type": "Point",
        "coordinates": [
          85.9244005,
          52.1189722
        ]
      },
      "properties": {
        "name": "Долина Свободы",
        "place": "hamlet",
        "osm_id": 1248296615
      }
    },
    {
      "type": "Feature",
      "geometry": {
        "type": "Point",
        "coordinates": [
          86.251066,
          52.2158464
        ]
      },
      "properties": {
        "name": "Курлек",
        "place": "hamlet",
        "osm_id": 1248296619
      }
    },
    {
      "type": "Feature",
      "geometry": {
        "type": "Point",
        "coordinates": [
          86.5585339,
          52.5447623
        ]
      },
      "properties": {
        "name": "Балыкса",
        "place": "hamlet",
        "osm_id": 1248296628
      }
    },
    {
      "type": "Feature",
      "geometry": {
        "type": "Point",
        "coordinates": [
          86.157275,
          52.3982196
        ]
      },
      "properties": {
        "name": "Верх-Кажа",
        "place": "hamlet",
        "osm_id": 1248296630
      }
    },
    {
      "type": "Feature",
      "geometry": {
        "type": "Point",
        "coordinates": [
          85.8761243,
          52.2305674
        ]
      },
      "properties": {
        "name": "Старая Суртайка",
        "place": "village",
        "osm_id": 1248296633
      }
    },
    {
      "type": "Feature",
      "geometry": {
        "type": "Point",
        "coordinates": [
          86.2303164,
          52.4832209
        ]
      },
      "properties": {
        "name": "Пильно",
        "place": "hamlet",
        "osm_id": 1248296635
      }
    },
    {
      "type": "Feature",
      "geometry": {
        "type": "Point",
        "coordinates": [
          86.121546,
          52.3064473
        ]
      },
      "properties": {
        "name": "Мануильское",
        "place": "hamlet",
        "osm_id": 1248296636
      }
    },
    {
      "type": "Feature",
      "geometry": {
        "type": "Point",
        "coordinates": [
          85.9602566,
          52.5626869
        ]
      },
      "properties": {
        "name": "Соусканиха",
        "place": "village",
        "osm_id": 1248296640
      }
    },
    {
      "type": "Feature",
      "geometry": {
        "type": "Point",
        "coordinates": [
          86.1780374,
          52.1597501
        ]
      },
      "properties": {
        "name": "Новозыково",
        "place": "village",
        "osm_id": 1248296645
      }
    },
    {
      "type": "Feature",
      "geometry": {
        "type": "Point",
        "coordinates": [
          85.897095,
          51.537136
        ]
      },
      "properties": {
        "name": "Аскат",
        "place": "hamlet",
        "osm_id": 1255468620
      }
    },
    {
      "type": "Feature",
      "geometry": {
        "type": "Point",
        "coordinates": [
          85.6757922,
          52.302541
        ]
      },
      "properties": {
        "name": "Лебединый",
        "place": "hamlet",
        "osm_id": 1258102219
      }
    },
    {
      "type": "Feature",
      "geometry": {
        "type": "Point",
        "coordinates": [
          85.6154787,
          52.302418
        ]
      },
      "properties": {
        "name": "Семилетка",
        "place": "village",
        "osm_id": 1258102248
      }
    },
    {
      "type": "Feature",
      "geometry": {
        "type": "Point",
        "coordinates": [
          86.5322625,
          52.7513601
        ]
      },
      "properties": {
        "name": "Тосток",
        "place": "village",
        "osm_id": 1258163456
      }
    },
    {
      "type": "Feature",
      "geometry": {
        "type": "Point",
        "coordinates": [
          86.5581977,
          52.8592586
        ]
      },
      "properties": {
        "name": "Шатобал",
        "place": "hamlet",
        "osm_id": 1258163463
      }
    },
    {
      "type": "Feature",
      "geometry": {
        "type": "Point",
        "coordinates": [
          86.5337088,
          52.8867566
        ]
      },
      "properties": {
        "name": "Урунск",
        "place": "village",
        "osm_id": 1258163479
      }
    },
    {
      "type": "Feature",
      "geometry": {
        "type": "Point",
        "coordinates": [
          86.5430727,
          52.992604
        ]
      },
      "properties": {
        "name": "Макарьевка",
        "place": "village",
        "osm_id": 1258163485
      }
    },
    {
      "type": "Feature",
      "geometry": {
        "type": "Point",
        "coordinates": [
          86.3931155,
          52.6411513
        ]
      },
      "properties": {
        "name": "Старая Ажинка",
        "place": "hamlet",
        "osm_id": 1258163490
      }
    },
    {
      "type": "Feature",
      "geometry": {
        "type": "Point",
        "coordinates": [
          86.4621148,
          52.7720929
        ]
      },
      "properties": {
        "name": "Акатьево",
        "place": "village",
        "osm_id": 1258163509
      }
    },
    {
      "type": "Feature",
      "geometry": {
        "type": "Point",
        "coordinates": [
          86.4748141,
          52.9654851
        ]
      },
      "properties": {
        "name": "Каракан",
        "place": "hamlet",
        "osm_id": 1258163513
      }
    },
    {
      "type": "Feature",
      "geometry": {
        "type": "Point",
        "coordinates": [
          86.692931,
          52.7883634
        ]
      },
      "properties": {
        "name": "Вознесенка",
        "place": "hamlet",
        "osm_id": 1258163530
      }
    },
    {
      "type": "Feature",
      "geometry": {
        "type": "Point",
        "coordinates": [
          86.3243115,
          52.5502447
        ]
      },
      "properties": {
        "name": "Новая Ажинка",
        "place": "village",
        "osm_id": 1258163533
      }
    },
    {
      "type": "Feature",
      "geometry": {
        "type": "Point",
        "coordinates": [
          86.6347339,
          52.7808558
        ]
      },
      "properties": {
        "name": "Сузоп",
        "place": "village",
        "osm_id": 1258163538
      }
    },
    {
      "type": "Feature",
      "geometry": {
        "type": "Point",
        "coordinates": [
          86.620358,
          52.9083886
        ]
      },
      "properties": {
        "name": "Излап",
        "place": "village",
        "osm_id": 1258163543
      }
    },
    {
      "type": "Feature",
      "geometry": {
        "type": "Point",
        "coordinates": [
          86.4047294,
          52.7335736
        ]
      },
      "properties": {
        "name": "Нижняя Ненинка",
        "place": "village",
        "osm_id": 1258163562
      }
    },
    {
      "type": "Feature",
      "geometry": {
        "type": "Point",
        "coordinates": [
          86.9008324,
          53.0022674
        ]
      },
      "properties": {
        "name": "Афонино",
        "place": "hamlet",
        "osm_id": 1258163565
      }
    },
    {
      "type": "Feature",
      "geometry": {
        "type": "Point",
        "coordinates": [
          86.8024803,
          52.7992705
        ]
      },
      "properties": {
        "name": "Шабурово",
        "place": "hamlet",
        "osm_id": 1258163569
      }
    },
    {
      "type": "Feature",
      "geometry": {
        "type": "Point",
        "coordinates": [
          86.3520202,
          52.8028925
        ]
      },
      "properties": {
        "name": "Караган",
        "place": "hamlet",
        "osm_id": 1258163573
      }
    },
    {
      "type": "Feature",
      "geometry": {
        "type": "Point",
        "coordinates": [
          86.5500358,
          52.759056
        ]
      },
      "properties": {
        "name": "Кичек",
        "place": "hamlet",
        "osm_id": 1258163576
      }
    },
    {
      "type": "Feature",
      "geometry": {
        "type": "Point",
        "coordinates": [
          86.740118,
          52.7906161
        ]
      },
      "properties": {
        "name": "Новотроицк",
        "place": "hamlet",
        "osm_id": 1258163588
      }
    },
    {
      "type": "Feature",
      "geometry": {
        "type": "Point",
        "coordinates": [
          86.6411612,
          52.5267531
        ]
      },
      "properties": {
        "name": "Усть-Куют",
        "place": "village",
        "osm_id": 1258163590
      }
    },
    {
      "type": "Feature",
      "geometry": {
        "type": "Point",
        "coordinates": [
          86.314254,
          52.8853239
        ]
      },
      "properties": {
        "name": "Берёзово",
        "place": "village",
        "osm_id": 1258163593
      }
    },
    {
      "type": "Feature",
      "geometry": {
        "type": "Point",
        "coordinates": [
          86.5691555,
          52.5723487
        ]
      },
      "properties": {
        "name": "Сайдып",
        "place": "village",
        "osm_id": 1258163597
      }
    },
    {
      "type": "Feature",
      "geometry": {
        "type": "Point",
        "coordinates": [
          86.2477065,
          52.6848107
        ]
      },
      "properties": {
        "name": "Карабинка",
        "place": "village",
        "osm_id": 1258163600
      }
    },
    {
      "type": "Feature",
      "geometry": {
        "type": "Point",
        "coordinates": [
          91.3890933,
          51.4806993
        ]
      },
      "properties": {
        "name": "Кызыл-Тайга",
        "place": "village",
        "osm_id": 1264827643
      }
    },
    {
      "type": "Feature",
      "geometry": {
        "type": "Point",
        "coordinates": [
          91.4509672,
          51.3658128
        ]
      },
      "properties": {
        "name": "Теве-Хая",
        "place": "village",
        "osm_id": 1264834719
      }
    },
    {
      "type": "Feature",
      "geometry": {
        "type": "Point",
        "coordinates": [
          89.528656,
          53.450871
        ]
      },
      "properties": {
        "name": "Бискамжа",
        "place": "village",
        "osm_id": 1348663546
      }
    },
    {
      "type": "Feature",
      "geometry": {
        "type": "Point",
        "coordinates": [
          86.941864,
          53.580894
        ]
      },
      "properties": {
        "name": "Верх-Кинерки",
        "place": "hamlet",
        "osm_id": 1396786736
      }
    },
    {
      "type": "Feature",
      "geometry": {
        "type": "Point",
        "coordinates": [
          85.8511328,
          51.9162409
        ]
      },
      "properties": {
        "name": "Катунь",
        "place": "village",
        "osm_id": 1409390294
      }
    },
    {
      "type": "Feature",
      "geometry": {
        "type": "Point",
        "coordinates": [
          86.624199,
          53.931644
        ]
      },
      "properties": {
        "name": "Тайбинка",
        "place": "hamlet",
        "osm_id": 1415064617
      }
    },
    {
      "type": "Feature",
      "geometry": {
        "type": "Point",
        "coordinates": [
          90.148636,
          52.986187
        ]
      },
      "properties": {
        "name": "Абрамов",
        "place": "hamlet",
        "osm_id": 1415226027
      }
    },
    {
      "type": "Feature",
      "geometry": {
        "type": "Point",
        "coordinates": [
          91.808655,
          53.43866
        ]
      },
      "properties": {
        "name": "Алтай",
        "place": "village",
        "osm_id": 1415226028
      }
    },
    {
      "type": "Feature",
      "geometry": {
        "type": "Point",
        "coordinates": [
          90.684799,
          54.835247
        ]
      },
      "properties": {
        "name": "Базандаиха",
        "place": "hamlet",
        "osm_id": 1415226029
      }
    },
    {
      "type": "Feature",
      "geometry": {
        "type": "Point",
        "coordinates": [
          90.2951426,
          53.6694179
        ]
      },
      "properties": {
        "name": "Бейка",
        "place": "hamlet",
        "osm_id": 1415226032
      }
    },
    {
      "type": "Feature",
      "geometry": {
        "type": "Point",
        "coordinates": [
          89.482201,
          54.140209
        ]
      },
      "properties": {
        "name": "Беренжак",
        "place": "village",
        "osm_id": 1415226033
      }
    },
    {
      "type": "Feature",
      "geometry": {
        "type": "Point",
        "coordinates": [
          89.884003,
          53.327736
        ]
      },
      "properties": {
        "name": "Бирикчуль",
        "place": "village",
        "osm_id": 1415226035
      }
    },
    {
      "type": "Feature",
      "geometry": {
        "type": "Point",
        "coordinates": [
          90.6222,
          54.255283
        ]
      },
      "properties": {
        "name": "Большая Ерба",
        "place": "village",
        "osm_id": 1415226036
      }
    },
    {
      "type": "Feature",
      "geometry": {
        "type": "Point",
        "coordinates": [
          89.796463,
          52.742954
        ]
      },
      "properties": {
        "name": "Большая Сея",
        "place": "village",
        "osm_id": 1415226039
      }
    },
    {
      "type": "Feature",
      "geometry": {
        "type": "Point",
        "coordinates": [
          90.495697,
          52.934788
        ]
      },
      "properties": {
        "name": "Бондарево",
        "place": "village",
        "osm_id": 1415226040
      }
    },
    {
      "type": "Feature",
      "geometry": {
        "type": "Point",
        "coordinates": [
          90.37207,
          54.464703
        ]
      },
      "properties": {
        "name": "Борец",
        "place": "village",
        "osm_id": 1415226042
      }
    },
    {
      "type": "Feature",
      "geometry": {
        "type": "Point",
        "coordinates": [
          89.718689,
          52.771538
        ]
      },
      "properties": {
        "name": "Верхние Сиры",
        "place": "hamlet",
        "osm_id": 1415226043
      }
    },
    {
      "type": "Feature",
      "geometry": {
        "type": "Point",
        "coordinates": [
          90.710983,
          53.618706
        ]
      },
      "properties": {
        "name": "Весеннее",
        "place": "village",
        "osm_id": 1415226045
      }
    },
    {
      "type": "Feature",
      "geometry": {
        "type": "Point",
        "coordinates": [
          89.1717794,
          54.6221899
        ]
      },
      "properties": {
        "name": "Гайдаровск",
        "place": "village",
        "osm_id": 1415226046
      }
    },
    {
      "type": "Feature",
      "geometry": {
        "type": "Point",
        "coordinates": [
          90.388298,
          54.808208
        ]
      },
      "properties": {
        "name": "Джирим",
        "place": "village",
        "osm_id": 1415226047
      }
    },
    {
      "type": "Feature",
      "geometry": {
        "type": "Point",
        "coordinates": [
          90.599831,
          53.854214
        ]
      },
      "properties": {
        "name": "Камызяк",
        "place": "hamlet",
        "osm_id": 1415226049
      }
    },
    {
      "type": "Feature",
      "geometry": {
        "type": "Point",
        "coordinates": [
          90.693909,
          53.787285
        ]
      },
      "properties": {
        "name": "Камышовая",
        "place": "hamlet",
        "osm_id": 1415226051
      }
    },
    {
      "type": "Feature",
      "geometry": {
        "type": "Point",
        "coordinates": [
          90.692787,
          53.263935
        ]
      },
      "properties": {
        "name": "Камышта",
        "place": "hamlet",
        "osm_id": 1415226052
      }
    },
    {
      "type": "Feature",
      "geometry": {
        "type": "Point",
        "coordinates": [
          90.393158,
          53.562008
        ]
      },
      "properties": {
        "name": "Камышта",
        "place": "hamlet",
        "osm_id": 1415226054
      }
    },
    {
      "type": "Feature",
      "geometry": {
        "type": "Point",
        "coordinates": [
          90.739761,
          53.617256
        ]
      },
      "properties": {
        "name": "Капчалы",
        "place": "hamlet",
        "osm_id": 1415226055
      }
    },
    {
      "type": "Feature",
      "geometry": {
        "type": "Point",
        "coordinates": [
          89.775406,
          54.795418
        ]
      },
      "properties": {
        "name": "Кобяково",
        "place": "village",
        "osm_id": 1415226057
      }
    },
    {
      "type": "Feature",
      "geometry": {
        "type": "Point",
        "coordinates": [
          89.290825,
          54.350353
        ]
      },
      "properties": {
        "name": "Коммунар",
        "place": "village",
        "osm_id": 1415226058
      }
    },
    {
      "type": "Feature",
      "geometry": {
        "type": "Point",
        "coordinates": [
          91.369179,
          53.428658
        ]
      },
      "properties": {
        "name": "Краснополье",
        "place": "village",
        "osm_id": 1415226059
      }
    },
    {
      "type": "Feature",
      "geometry": {
        "type": "Point",
        "coordinates": [
          91.067444,
          53.02232
        ]
      },
      "properties": {
        "name": "Красный Катамор",
        "place": "hamlet",
        "osm_id": 1415226062
      }
    },
    {
      "type": "Feature",
      "geometry": {
        "type": "Point",
        "coordinates": [
          90.435257,
          52.868286
        ]
      },
      "properties": {
        "name": "Красный Ключ",
        "place": "hamlet",
        "osm_id": 1415226070
      }
    },
    {
      "type": "Feature",
      "geometry": {
        "type": "Point",
        "coordinates": [
          90.777634,
          53.195202
        ]
      },
      "properties": {
        "name": "Куйбышево",
        "place": "village",
        "osm_id": 1415226071
      }
    },
    {
      "type": "Feature",
      "geometry": {
        "type": "Point",
        "coordinates": [
          91.557571,
          53.413704
        ]
      },
      "properties": {
        "name": "Лукьяновка",
        "place": "village",
        "osm_id": 1415226073
      }
    },
    {
      "type": "Feature",
      "geometry": {
        "type": "Point",
        "coordinates": [
          90.058838,
          53.579044
        ]
      },
      "properties": {
        "name": "Майский",
        "place": "hamlet",
        "osm_id": 1415226077
      }
    },
    {
      "type": "Feature",
      "geometry": {
        "type": "Point",
        "coordinates": [
          89.820618,
          52.391609
        ]
      },
      "properties": {
        "name": "Малый Анзас",
        "place": "hamlet",
        "osm_id": 1415226082
      }
    },
    {
      "type": "Feature",
      "geometry": {
        "type": "Point",
        "coordinates": [
          90.436874,
          52.839417
        ]
      },
      "properties": {
        "name": "Малый Монок",
        "place": "hamlet",
        "osm_id": 1415226085
      }
    },
    {
      "type": "Feature",
      "geometry": {
        "type": "Point",
        "coordinates": [
          89.944855,
          54.440174
        ]
      },
      "properties": {
        "name": "Малый Спирин",
        "place": "village",
        "osm_id": 1415226086
      }
    },
    {
      "type": "Feature",
      "geometry": {
        "type": "Point",
        "coordinates": [
          91.759247,
          53.212826
        ]
      },
      "properties": {
        "name": "Монастырка",
        "place": "hamlet",
        "osm_id": 1415226095
      }
    },
    {
      "type": "Feature",
      "geometry": {
        "type": "Point",
        "coordinates": [
          89.074267,
          53.3472652
        ]
      },
      "properties": {
        "name": "Неожиданный",
        "place": "hamlet",
        "osm_id": 1415226098
      }
    },
    {
      "type": "Feature",
      "geometry": {
        "type": "Point",
        "coordinates": [
          89.7616369,
          52.7535232
        ]
      },
      "properties": {
        "name": "Нижние Сиры",
        "place": "village",
        "osm_id": 1415226099
      }
    },
    {
      "type": "Feature",
      "geometry": {
        "type": "Point",
        "coordinates": [
          89.958496,
          52.827698
        ]
      },
      "properties": {
        "name": "Нижний Имек",
        "place": "village",
        "osm_id": 1415226101
      }
    },
    {
      "type": "Feature",
      "geometry": {
        "type": "Point",
        "coordinates": [
          89.455315,
          52.63007
        ]
      },
      "properties": {
        "name": "Нижний Матур",
        "place": "hamlet",
        "osm_id": 1415226110
      }
    },
    {
      "type": "Feature",
      "geometry": {
        "type": "Point",
        "coordinates": [
          91.566116,
          53.254532
        ]
      },
      "properties": {
        "name": "Новомихайловка",
        "place": "village",
        "osm_id": 1415226113
      }
    },
    {
      "type": "Feature",
      "geometry": {
        "type": "Point",
        "coordinates": [
          91.039368,
          53.577324
        ]
      },
      "properties": {
        "name": "Оросительный",
        "place": "hamlet",
        "osm_id": 1415226118
      }
    },
    {
      "type": "Feature",
      "geometry": {
        "type": "Point",
        "coordinates": [
          91.650909,
          53.167343
        ]
      },
      "properties": {
        "name": "Очуры",
        "place": "village",
        "osm_id": 1415226125
      }
    },
    {
      "type": "Feature",
      "geometry": {
        "type": "Point",
        "coordinates": [
          90.879089,
          53.869347
        ]
      },
      "properties": {
        "name": "Салбык",
        "place": "hamlet",
        "osm_id": 1415226127
      }
    },
    {
      "type": "Feature",
      "geometry": {
        "type": "Point",
        "coordinates": [
          90.74099,
          54.771664
        ]
      },
      "properties": {
        "name": "Сарагаш",
        "place": "village",
        "osm_id": 1415226128
      }
    },
    {
      "type": "Feature",
      "geometry": {
        "type": "Point",
        "coordinates": [
          91.370293,
          53.381248
        ]
      },
      "properties": {
        "name": "Смирновка",
        "place": "hamlet",
        "osm_id": 1415226131
      }
    },
    {
      "type": "Feature",
      "geometry": {
        "type": "Point",
        "coordinates": [
          90.718742,
          52.948189
        ]
      },
      "properties": {
        "name": "Табат",
        "place": "village",
        "osm_id": 1415226139
      }
    },
    {
      "type": "Feature",
      "geometry": {
        "type": "Point",
        "coordinates": [
          91.297379,
          53.675846
        ]
      },
      "properties": {
        "name": "Ташеба",
        "place": "village",
        "osm_id": 1415226140
      }
    },
    {
      "type": "Feature",
      "geometry": {
        "type": "Point",
        "coordinates": [
          91.128113,
          53.594555
        ]
      },
      "properties": {
        "name": "Тигей",
        "place": "hamlet",
        "osm_id": 1415226141
      }
    },
    {
      "type": "Feature",
      "geometry": {
        "type": "Point",
        "coordinates": [
          91.091789,
          54.280178
        ]
      },
      "properties": {
        "name": "Троицкое",
        "place": "village",
        "osm_id": 1415226152
      }
    },
    {
      "type": "Feature",
      "geometry": {
        "type": "Point",
        "coordinates": [
          91.0472839,
          53.4667565
        ]
      },
      "properties": {
        "name": "Трояков",
        "place": "hamlet",
        "osm_id": 1415226153
      }
    },
    {
      "type": "Feature",
      "geometry": {
        "type": "Point",
        "coordinates": [
          89.9352607,
          54.385736
        ]
      },
      "properties": {
        "name": "Тупик",
        "place": "hamlet",
        "osm_id": 1415226155
      }
    },
    {
      "type": "Feature",
      "geometry": {
        "type": "Point",
        "coordinates": [
          90.364342,
          53.723888
        ]
      },
      "properties": {
        "name": "Уйбат",
        "place": "hamlet",
        "osm_id": 1415226156
      }
    },
    {
      "type": "Feature",
      "geometry": {
        "type": "Point",
        "coordinates": [
          89.561111,
          54.907589
        ]
      },
      "properties": {
        "name": "Устинкино",
        "place": "village",
        "osm_id": 1415226162
      }
    },
    {
      "type": "Feature",
      "geometry": {
        "type": "Point",
        "coordinates": [
          90.246674,
          53.832451
        ]
      },
      "properties": {
        "name": "Усть-Бюр",
        "place": "village",
        "osm_id": 1415226166
      }
    },
    {
      "type": "Feature",
      "geometry": {
        "type": "Point",
        "coordinates": [
          91.163239,
          54.445271
        ]
      },
      "properties": {
        "name": "Усть-Ерба",
        "place": "hamlet",
        "osm_id": 1415226168
      }
    },
    {
      "type": "Feature",
      "geometry": {
        "type": "Point",
        "coordinates": [
          90.18573,
          52.955486
        ]
      },
      "properties": {
        "name": "Полтаков",
        "place": "village",
        "osm_id": 1415226170
      }
    },
    {
      "type": "Feature",
      "geometry": {
        "type": "Point",
        "coordinates": [
          90.703941,
          53.35376
        ]
      },
      "properties": {
        "name": "Усть-Камышта",
        "place": "village",
        "osm_id": 1415226174
      }
    },
    {
      "type": "Feature",
      "geometry": {
        "type": "Point",
        "coordinates": [
          89.867302,
          52.959057
        ]
      },
      "properties": {
        "name": "Усть-Чуль",
        "place": "village",
        "osm_id": 1415226177
      }
    },
    {
      "type": "Feature",
      "geometry": {
        "type": "Point",
        "coordinates": [
          89.815819,
          54.63015
        ]
      },
      "properties": {
        "name": "Фыркал",
        "place": "village",
        "osm_id": 1415226181
      }
    },
    {
      "type": "Feature",
      "geometry": {
        "type": "Point",
        "coordinates": [
          91.080215,
          53.544334
        ]
      },
      "properties": {
        "name": "Хоных",
        "place": "hamlet",
        "osm_id": 1415226184
      }
    },
    {
      "type": "Feature",
      "geometry": {
        "type": "Point",
        "coordinates": [
          90.059761,
          54.316822
        ]
      },
      "properties": {
        "name": "Чалгыстаг",
        "place": "hamlet",
        "osm_id": 1415226187
      }
    },
    {
      "type": "Feature",
      "geometry": {
        "type": "Point",
        "coordinates": [
          89.217361,
          54.55563
        ]
      },
      "properties": {
        "name": "Чебаки",
        "place": "hamlet",
        "osm_id": 1415226190
      }
    },
    {
      "type": "Feature",
      "geometry": {
        "type": "Point",
        "coordinates": [
          89.348602,
          53.320553
        ]
      },
      "properties": {
        "name": "Шора",
        "place": "hamlet",
        "osm_id": 1415226192
      }
    },
    {
      "type": "Feature",
      "geometry": {
        "type": "Point",
        "coordinates": [
          90.057327,
          53.045673
        ]
      },
      "properties": {
        "name": "Сафронов",
        "place": "village",
        "osm_id": 1428062977
      }
    },
    {
      "type": "Feature",
      "geometry": {
        "type": "Point",
        "coordinates": [
          91.410286,
          53.926334
        ]
      },
      "properties": {
        "name": "Мохов",
        "place": "hamlet",
        "osm_id": 1445674855
      }
    },
    {
      "type": "Feature",
      "geometry": {
        "type": "Point",
        "coordinates": [
          90.042847,
          52.931854
        ]
      },
      "properties": {
        "name": "Нижняя Тёя",
        "place": "village",
        "osm_id": 1446803400
      }
    },
    {
      "type": "Feature",
      "geometry": {
        "type": "Point",
        "coordinates": [
          90.308006,
          52.942356
        ]
      },
      "properties": {
        "name": "Усть-Сос",
        "place": "hamlet",
        "osm_id": 1446803402
      }
    },
    {
      "type": "Feature",
      "geometry": {
        "type": "Point",
        "coordinates": [
          85.9949911,
          51.8924438
        ]
      },
      "properties": {
        "name": "Кызыл-Озёк",
        "place": "village",
        "osm_id": 1447701305
      }
    },
    {
      "type": "Feature",
      "geometry": {
        "type": "Point",
        "coordinates": [
          85.6663249,
          51.5188971
        ]
      },
      "properties": {
        "name": "Актел",
        "place": "village",
        "osm_id": 1447746212
      }
    },
    {
      "type": "Feature",
      "geometry": {
        "type": "Point",
        "coordinates": [
          87.6560054,
          51.9307078
        ]
      },
      "properties": {
        "name": "Бийка",
        "place": "village",
        "osm_id": 1447746214
      }
    },
    {
      "type": "Feature",
      "geometry": {
        "type": "Point",
        "coordinates": [
          86.5388405,
          52.0207129
        ]
      },
      "properties": {
        "name": "Гусевка",
        "place": "hamlet",
        "osm_id": 1447746224
      }
    },
    {
      "type": "Feature",
      "geometry": {
        "type": "Point",
        "coordinates": [
          86.9017018,
          52.376138
        ]
      },
      "properties": {
        "name": "Дайбово",
        "place": "hamlet",
        "osm_id": 1447746227
      }
    },
    {
      "type": "Feature",
      "geometry": {
        "type": "Point",
        "coordinates": [
          86.9125107,
          52.440794
        ]
      },
      "properties": {
        "name": "Дмитриевка",
        "place": "village",
        "osm_id": 1447746228
      }
    },
    {
      "type": "Feature",
      "geometry": {
        "type": "Point",
        "coordinates": [
          86.6722707,
          52.0309842
        ]
      },
      "properties": {
        "name": "Ишинск",
        "place": "hamlet",
        "osm_id": 1447746234
      }
    },
    {
      "type": "Feature",
      "geometry": {
        "type": "Point",
        "coordinates": [
          85.7526984,
          51.505768
        ]
      },
      "properties": {
        "name": "Камай",
        "place": "hamlet",
        "osm_id": 1447746237
      }
    },
    {
      "type": "Feature",
      "geometry": {
        "type": "Point",
        "coordinates": [
          86.728085,
          52.456268
        ]
      },
      "properties": {
        "name": "Каначак",
        "place": "hamlet",
        "osm_id": 1447746238
      }
    },
    {
      "type": "Feature",
      "geometry": {
        "type": "Point",
        "coordinates": [
          86.247406,
          51.457432
        ]
      },
      "properties": {
        "name": "Каракол",
        "place": "hamlet",
        "osm_id": 1447746243
      }
    },
    {
      "type": "Feature",
      "geometry": {
        "type": "Point",
        "coordinates": [
          86.4858333,
          52.0600455
        ]
      },
      "properties": {
        "name": "Киска",
        "place": "hamlet",
        "osm_id": 1447746248
      }
    },
    {
      "type": "Feature",
      "geometry": {
        "type": "Point",
        "coordinates": [
          86.7943324,
          51.8098691
        ]
      },
      "properties": {
        "name": "Красносельск",
        "place": "hamlet",
        "osm_id": 1447746249
      }
    },
    {
      "type": "Feature",
      "geometry": {
        "type": "Point",
        "coordinates": [
          87.1123645,
          52.2993559
        ]
      },
      "properties": {
        "name": "Лебедское",
        "place": "hamlet",
        "osm_id": 1447746257
      }
    },
    {
      "type": "Feature",
      "geometry": {
        "type": "Point",
        "coordinates": [
          86.7508829,
          52.4644736
        ]
      },
      "properties": {
        "name": "Озеро-Куреево",
        "place": "village",
        "osm_id": 1447746261
      }
    },
    {
      "type": "Feature",
      "geometry": {
        "type": "Point",
        "coordinates": [
          86.3238612,
          51.8530932
        ]
      },
      "properties": {
        "name": "Салганда",
        "place": "hamlet",
        "osm_id": 1447746264
      }
    },
    {
      "type": "Feature",
      "geometry": {
        "type": "Point",
        "coordinates": [
          87.4454464,
          52.2022528
        ]
      },
      "properties": {
        "name": "Советский Байгол",
        "place": "hamlet",
        "osm_id": 1447746269
      }
    },
    {
      "type": "Feature",
      "geometry": {
        "type": "Point",
        "coordinates": [
          87.7569744,
          52.2935506
        ]
      },
      "properties": {
        "name": "Суранаш",
        "place": "hamlet",
        "osm_id": 1447746270
      }
    },
    {
      "type": "Feature",
      "geometry": {
        "type": "Point",
        "coordinates": [
          87.0531578,
          51.905245
        ]
      },
      "properties": {
        "name": "Сюря",
        "place": "hamlet",
        "osm_id": 1447746272
      }
    },
    {
      "type": "Feature",
      "geometry": {
        "type": "Point",
        "coordinates": [
          88.362871,
          52.339812
        ]
      },
      "properties": {
        "name": "Талон",
        "place": "hamlet",
        "osm_id": 1447746275
      }
    },
    {
      "type": "Feature",
      "geometry": {
        "type": "Point",
        "coordinates": [
          87.1235309,
          52.0054569
        ]
      },
      "properties": {
        "name": "Тулой",
        "place": "hamlet",
        "osm_id": 1447746278
      }
    },
    {
      "type": "Feature",
      "geometry": {
        "type": "Point",
        "coordinates": [
          86.4634131,
          52.0081419
        ]
      },
      "properties": {
        "name": "Туньжа",
        "place": "hamlet",
        "osm_id": 1447746280
      }
    },
    {
      "type": "Feature",
      "geometry": {
        "type": "Point",
        "coordinates": [
          86.9417456,
          52.3549614
        ]
      },
      "properties": {
        "name": "Удаловка",
        "place": "hamlet",
        "osm_id": 1447746284
      }
    },
    {
      "type": "Feature",
      "geometry": {
        "type": "Point",
        "coordinates": [
          87.0328392,
          52.2858521
        ]
      },
      "properties": {
        "name": "Усть-Лебедь",
        "place": "hamlet",
        "osm_id": 1447746285
      }
    },
    {
      "type": "Feature",
      "geometry": {
        "type": "Point",
        "coordinates": [
          86.8125065,
          52.4569493
        ]
      },
      "properties": {
        "name": "Шунарак",
        "place": "hamlet",
        "osm_id": 1447746286
      }
    },
    {
      "type": "Feature",
      "geometry": {
        "type": "Point",
        "coordinates": [
          87.6035275,
          51.7691107
        ]
      },
      "properties": {
        "name": "Яйлю",
        "place": "hamlet",
        "osm_id": 1447746292
      }
    },
    {
      "type": "Feature",
      "geometry": {
        "type": "Point",
        "coordinates": [
          90.17955,
          53.163086
        ]
      },
      "properties": {
        "name": "Верх-Аскиз",
        "place": "village",
        "osm_id": 1449655582
      }
    },
    {
      "type": "Feature",
      "geometry": {
        "type": "Point",
        "coordinates": [
          89.743431,
          54.951187
        ]
      },
      "properties": {
        "name": "Кагаево",
        "place": "hamlet",
        "osm_id": 1449655590
      }
    },
    {
      "type": "Feature",
      "geometry": {
        "type": "Point",
        "coordinates": [
          90.048378,
          53.214287
        ]
      },
      "properties": {
        "name": "Казановка",
        "place": "village",
        "osm_id": 1449655591
      }
    },
    {
      "type": "Feature",
      "geometry": {
        "type": "Point",
        "coordinates": [
          90.099457,
          53.190193
        ]
      },
      "properties": {
        "name": "Казановская",
        "place": "hamlet",
        "osm_id": 1449655593
      }
    },
    {
      "type": "Feature",
      "geometry": {
        "type": "Point",
        "coordinates": [
          89.7962251,
          54.8910555
        ]
      },
      "properties": {
        "name": "Кожухово",
        "place": "hamlet",
        "osm_id": 1449655595
      }
    },
    {
      "type": "Feature",
      "geometry": {
        "type": "Point",
        "coordinates": [
          90.216064,
          54.16127
        ]
      },
      "properties": {
        "name": "Сонское",
        "place": "village",
        "osm_id": 1449655605
      }
    },
    {
      "type": "Feature",
      "geometry": {
        "type": "Point",
        "coordinates": [
          90.3302406,
          54.0880602
        ]
      },
      "properties": {
        "name": "Туманное",
        "place": "hamlet",
        "osm_id": 1449655609
      }
    },
    {
      "type": "Feature",
      "geometry": {
        "type": "Point",
        "coordinates": [
          89.801788,
          53.380711
        ]
      },
      "properties": {
        "name": "Хабзас",
        "place": "hamlet",
        "osm_id": 1449655612
      }
    },
    {
      "type": "Feature",
      "geometry": {
        "type": "Point",
        "coordinates": [
          89.977058,
          53.26017
        ]
      },
      "properties": {
        "name": "Югачи",
        "place": "hamlet",
        "osm_id": 1449655616
      }
    },
    {
      "type": "Feature",
      "geometry": {
        "type": "Point",
        "coordinates": [
          90.331635,
          53.015266
        ]
      },
      "properties": {
        "name": "Анхаков",
        "place": "hamlet",
        "osm_id": 1449674500
      }
    },
    {
      "type": "Feature",
      "geometry": {
        "type": "Point",
        "coordinates": [
          90.424587,
          53.0466723
        ]
      },
      "properties": {
        "name": "Апчинаев",
        "place": "village",
        "osm_id": 1449674502
      }
    },
    {
      "type": "Feature",
      "geometry": {
        "type": "Point",
        "coordinates": [
          90.241112,
          53.245506
        ]
      },
      "properties": {
        "name": "Бейка",
        "place": "hamlet",
        "osm_id": 1449674503
      }
    },
    {
      "type": "Feature",
      "geometry": {
        "type": "Point",
        "coordinates": [
          90.283288,
          52.8692403
        ]
      },
      "properties": {
        "name": "Большой Монок",
        "place": "village",
        "osm_id": 1449674504
      }
    },
    {
      "type": "Feature",
      "geometry": {
        "type": "Point",
        "coordinates": [
          90.294716,
          53.245544
        ]
      },
      "properties": {
        "name": "Верхняя База",
        "place": "village",
        "osm_id": 1449674505
      }
    },
    {
      "type": "Feature",
      "geometry": {
        "type": "Point",
        "coordinates": [
          90.712387,
          53.238533
        ]
      },
      "properties": {
        "name": "Катанов",
        "place": "village",
        "osm_id": 1449674506
      }
    },
    {
      "type": "Feature",
      "geometry": {
        "type": "Point",
        "coordinates": [
          90.571342,
          53.15678
        ]
      },
      "properties": {
        "name": "Луговая",
        "place": "village",
        "osm_id": 1449674507
      }
    },
    {
      "type": "Feature",
      "geometry": {
        "type": "Point",
        "coordinates": [
          90.347763,
          53.216244
        ]
      },
      "properties": {
        "name": "Нижняя База",
        "place": "village",
        "osm_id": 1449674508
      }
    },
    {
      "type": "Feature",
      "geometry": {
        "type": "Point",
        "coordinates": [
          90.253525,
          52.863453
        ]
      },
      "properties": {
        "name": "Перевозное",
        "place": "hamlet",
        "osm_id": 1449674509
      }
    },
    {
      "type": "Feature",
      "geometry": {
        "type": "Point",
        "coordinates": [
          90.144012,
          52.869278
        ]
      },
      "properties": {
        "name": "Печень",
        "place": "hamlet",
        "osm_id": 1449674510
      }
    },
    {
      "type": "Feature",
      "geometry": {
        "type": "Point",
        "coordinates": [
          90.257149,
          52.822403
        ]
      },
      "properties": {
        "name": "Сартак",
        "place": "hamlet",
        "osm_id": 1449674511
      }
    },
    {
      "type": "Feature",
      "geometry": {
        "type": "Point",
        "coordinates": [
          90.894012,
          53.359089
        ]
      },
      "properties": {
        "name": "Сафьянов",
        "place": "hamlet",
        "osm_id": 1449674513
      }
    },
    {
      "type": "Feature",
      "geometry": {
        "type": "Point",
        "coordinates": [
          90.791222,
          53.353123
        ]
      },
      "properties": {
        "name": "Уйтак",
        "place": "hamlet",
        "osm_id": 1449674514
      }
    },
    {
      "type": "Feature",
      "geometry": {
        "type": "Point",
        "coordinates": [
          90.387146,
          53.161095
        ]
      },
      "properties": {
        "name": "Усть-База",
        "place": "hamlet",
        "osm_id": 1449674515
      }
    },
    {
      "type": "Feature",
      "geometry": {
        "type": "Point",
        "coordinates": [
          90.252899,
          52.955238
        ]
      },
      "properties": {
        "name": "Усть-Есь",
        "place": "village",
        "osm_id": 1449674516
      }
    },
    {
      "type": "Feature",
      "geometry": {
        "type": "Point",
        "coordinates": [
          90.893661,
          53.397945
        ]
      },
      "properties": {
        "name": "Ханкуль",
        "place": "hamlet",
        "osm_id": 1449674517
      }
    },
    {
      "type": "Feature",
      "geometry": {
        "type": "Point",
        "coordinates": [
          90.56234,
          53.162018
        ]
      },
      "properties": {
        "name": "Чертыковская",
        "place": "hamlet",
        "osm_id": 1449674518
      }
    },
    {
      "type": "Feature",
      "geometry": {
        "type": "Point",
        "coordinates": [
          86.0028308,
          51.9723343
        ]
      },
      "properties": {
        "name": "Алфёрово",
        "place": "village",
        "osm_id": 1460903470
      }
    },
    {
      "type": "Feature",
      "geometry": {
        "type": "Point",
        "coordinates": [
          86.0574061,
          51.7795599
        ]
      },
      "properties": {
        "name": "Бирюля",
        "place": "village",
        "osm_id": 1460903483
      }
    },
    {
      "type": "Feature",
      "geometry": {
        "type": "Point",
        "coordinates": [
          86.057404,
          52.054863
        ]
      },
      "properties": {
        "name": "Верх-Карагуж",
        "place": "village",
        "osm_id": 1460903492
      }
    },
    {
      "type": "Feature",
      "geometry": {
        "type": "Point",
        "coordinates": [
          86.2029697,
          51.7636832
        ]
      },
      "properties": {
        "name": "Верхний Сайдыс",
        "place": "hamlet",
        "osm_id": 1460903494
      }
    },
    {
      "type": "Feature",
      "geometry": {
        "type": "Point",
        "coordinates": [
          85.8393716,
          51.9272034
        ]
      },
      "properties": {
        "name": "Дубровка",
        "place": "village",
        "osm_id": 1460903495
      }
    },
    {
      "type": "Feature",
      "geometry": {
        "type": "Point",
        "coordinates": [
          85.8515045,
          51.9814669
        ]
      },
      "properties": {
        "name": "Карлушка",
        "place": "village",
        "osm_id": 1460903507
      }
    },
    {
      "type": "Feature",
      "geometry": {
        "type": "Point",
        "coordinates": [
          85.8277234,
          51.7415523
        ]
      },
      "properties": {
        "name": "Карым",
        "place": "hamlet",
        "osm_id": 1460903509
      }
    },
    {
      "type": "Feature",
      "geometry": {
        "type": "Point",
        "coordinates": [
          85.79899,
          51.8146745
        ]
      },
      "properties": {
        "name": "Озёрное",
        "place": "village",
        "osm_id": 1460903525
      }
    },
    {
      "type": "Feature",
      "geometry": {
        "type": "Point",
        "coordinates": [
          85.8618254,
          51.9166112
        ]
      },
      "properties": {
        "name": "Рыбалка",
        "place": "village",
        "osm_id": 1460903534
      }
    },
    {
      "type": "Feature",
      "geometry": {
        "type": "Point",
        "coordinates": [
          86.1523653,
          51.7634912
        ]
      },
      "properties": {
        "name": "Средний Сайдыс",
        "place": "hamlet",
        "osm_id": 1460903536
      }
    },
    {
      "type": "Feature",
      "geometry": {
        "type": "Point",
        "coordinates": [
          85.8001061,
          51.8760603
        ]
      },
      "properties": {
        "name": "Турбаза «Юность»",
        "place": "hamlet",
        "osm_id": 1460903545
      }
    },
    {
      "type": "Feature",
      "geometry": {
        "type": "Point",
        "coordinates": [
          86.079437,
          51.941471
        ]
      },
      "properties": {
        "name": "Улалушка",
        "place": "hamlet",
        "osm_id": 1460903546
      }
    },
    {
      "type": "Feature",
      "geometry": {
        "type": "Point",
        "coordinates": [
          86.210564,
          51.686428
        ]
      },
      "properties": {
        "name": "Урлу-Аспак",
        "place": "hamlet",
        "osm_id": 1460903555
      }
    },
    {
      "type": "Feature",
      "geometry": {
        "type": "Point",
        "coordinates": [
          86.0300647,
          51.8392488
        ]
      },
      "properties": {
        "name": "Филиал",
        "place": "hamlet",
        "osm_id": 1460903556
      }
    },
    {
      "type": "Feature",
      "geometry": {
        "type": "Point",
        "coordinates": [
          87.0908357,
          52.0369631
        ]
      },
      "properties": {
        "name": "Верх-Бийск",
        "place": "village",
        "osm_id": 1463651898
      }
    },
    {
      "type": "Feature",
      "geometry": {
        "type": "Point",
        "coordinates": [
          87.6589396,
          52.1251372
        ]
      },
      "properties": {
        "name": "Курмач-Байгол",
        "place": "village",
        "osm_id": 1463651900
      }
    },
    {
      "type": "Feature",
      "geometry": {
        "type": "Point",
        "coordinates": [
          88.145279,
          52.330456
        ]
      },
      "properties": {
        "name": "Майск",
        "place": "village",
        "osm_id": 1463651902
      }
    },
    {
      "type": "Feature",
      "geometry": {
        "type": "Point",
        "coordinates": [
          87.1218691,
          51.9129499
        ]
      },
      "properties": {
        "name": "Старый Кебезень",
        "place": "hamlet",
        "osm_id": 1463651905
      }
    },
    {
      "type": "Feature",
      "geometry": {
        "type": "Point",
        "coordinates": [
          87.1119895,
          52.1208895
        ]
      },
      "properties": {
        "name": "Тондошка",
        "place": "village",
        "osm_id": 1463651918
      }
    },
    {
      "type": "Feature",
      "geometry": {
        "type": "Point",
        "coordinates": [
          87.5092008,
          51.9688843
        ]
      },
      "properties": {
        "name": "Чуйка",
        "place": "hamlet",
        "osm_id": 1463651920
      }
    },
    {
      "type": "Feature",
      "geometry": {
        "type": "Point",
        "coordinates": [
          87.7965211,
          51.4213358
        ]
      },
      "properties": {
        "name": "Беле",
        "place": "hamlet",
        "osm_id": 1463789739
      }
    },
    {
      "type": "Feature",
      "geometry": {
        "type": "Point",
        "coordinates": [
          86.0003208,
          51.6313743
        ]
      },
      "properties": {
        "name": "Бешпельтир",
        "place": "village",
        "osm_id": 1463806309
      }
    },
    {
      "type": "Feature",
      "geometry": {
        "type": "Point",
        "coordinates": [
          85.8199308,
          51.4475827
        ]
      },
      "properties": {
        "name": "Верх-Анос",
        "place": "hamlet",
        "osm_id": 1463806310
      }
    },
    {
      "type": "Feature",
      "geometry": {
        "type": "Point",
        "coordinates": [
          86.058212,
          51.340599
        ]
      },
      "properties": {
        "name": "Толгоек",
        "place": "hamlet",
        "osm_id": 1463806312
      }
    },
    {
      "type": "Feature",
      "geometry": {
        "type": "Point",
        "coordinates": [
          86.1482109,
          51.32174
        ]
      },
      "properties": {
        "name": "Уожан",
        "place": "hamlet",
        "osm_id": 1463806313
      }
    },
    {
      "type": "Feature",
      "geometry": {
        "type": "Point",
        "coordinates": [
          86.3423488,
          51.8037834
        ]
      },
      "properties": {
        "name": "Кара-Торбок",
        "place": "hamlet",
        "osm_id": 1463812073
      }
    },
    {
      "type": "Feature",
      "geometry": {
        "type": "Point",
        "coordinates": [
          86.7208416,
          51.7591639
        ]
      },
      "properties": {
        "name": "Кузя",
        "place": "hamlet",
        "osm_id": 1463812077
      }
    },
    {
      "type": "Feature",
      "geometry": {
        "type": "Point",
        "coordinates": [
          86.4227353,
          51.9837905
        ]
      },
      "properties": {
        "name": "Левинка",
        "place": "hamlet",
        "osm_id": 1463812081
      }
    },
    {
      "type": "Feature",
      "geometry": {
        "type": "Point",
        "coordinates": [
          86.346281,
          51.9376061
        ]
      },
      "properties": {
        "name": "Паспаул",
        "place": "village",
        "osm_id": 1463812089
      }
    },
    {
      "type": "Feature",
      "geometry": {
        "type": "Point",
        "coordinates": [
          86.7347553,
          51.8823021
        ]
      },
      "properties": {
        "name": "Сёйка",
        "place": "village",
        "osm_id": 1463812092
      }
    },
    {
      "type": "Feature",
      "geometry": {
        "type": "Point",
        "coordinates": [
          86.615822,
          52.034634
        ]
      },
      "properties": {
        "name": "Советское",
        "place": "hamlet",
        "osm_id": 1463812093
      }
    },
    {
      "type": "Feature",
      "geometry": {
        "type": "Point",
        "coordinates": [
          86.9080081,
          52.0359023
        ]
      },
      "properties": {
        "name": "Ускуч",
        "place": "village",
        "osm_id": 1463812100
      }
    },
    {
      "type": "Feature",
      "geometry": {
        "type": "Point",
        "coordinates": [
          86.79284,
          51.8257768
        ]
      },
      "properties": {
        "name": "Ынырга",
        "place": "village",
        "osm_id": 1463812103
      }
    },
    {
      "type": "Feature",
      "geometry": {
        "type": "Point",
        "coordinates": [
          85.6606064,
          51.6230876
        ]
      },
      "properties": {
        "name": "Камлак",
        "place": "village",
        "osm_id": 1463819014
      }
    },
    {
      "type": "Feature",
      "geometry": {
        "type": "Point",
        "coordinates": [
          91.077179,
          54.05938
        ]
      },
      "properties": {
        "name": "Толчея",
        "place": "village",
        "osm_id": 1494246134
      }
    },
    {
      "type": "Feature",
      "geometry": {
        "type": "Point",
        "coordinates": [
          87.265854,
          53.706509
        ]
      },
      "properties": {
        "name": "Елань",
        "place": "village",
        "osm_id": 1563441953
      }
    },
    {
      "type": "Feature",
      "geometry": {
        "type": "Point",
        "coordinates": [
          87.2718531,
          53.3901689
        ]
      },
      "properties": {
        "name": "Новый Пункт",
        "place": "hamlet",
        "osm_id": 1573667811
      }
    },
    {
      "type": "Feature",
      "geometry": {
        "type": "Point",
        "coordinates": [
          91.4406019,
          53.72068
        ]
      },
      "properties": {
        "name": "Абакан",
        "place": "city",
        "osm_id": 1588233141
      }
    },
    {
      "type": "Feature",
      "geometry": {
        "type": "Point",
        "coordinates": [
          91.471825,
          53.657898
        ]
      },
      "properties": {
        "name": "Кайбалы",
        "place": "village",
        "osm_id": 1590002068
      }
    },
    {
      "type": "Feature",
      "geometry": {
        "type": "Point",
        "coordinates": [
          91.344978,
          53.654575
        ]
      },
      "properties": {
        "name": "Чапаево",
        "place": "village",
        "osm_id": 1590002074
      }
    },
    {
      "type": "Feature",
      "geometry": {
        "type": "Point",
        "coordinates": [
          91.402077,
          53.755917
        ]
      },
      "properties": {
        "name": "Калинино",
        "place": "village",
        "osm_id": 1590302753
      }
    },
    {
      "type": "Feature",
      "geometry": {
        "type": "Point",
        "coordinates": [
          91.1226957,
          53.790793
        ]
      },
      "properties": {
        "name": "Курганная",
        "place": "village",
        "osm_id": 1596015998
      }
    },
    {
      "type": "Feature",
      "geometry": {
        "type": "Point",
        "coordinates": [
          87.150703,
          53.567108
        ]
      },
      "properties": {
        "name": "Таргай",
        "place": "hamlet",
        "osm_id": 1676593773
      }
    },
    {
      "type": "Feature",
      "geometry": {
        "type": "Point",
        "coordinates": [
          87.498199,
          53.791348
        ]
      },
      "properties": {
        "name": "Боровково",
        "place": "village",
        "osm_id": 1682748214
      }
    },
    {
      "type": "Feature",
      "geometry": {
        "type": "Point",
        "coordinates": [
          86.868286,
          54.066822
        ]
      },
      "properties": {
        "name": "Терентьевская",
        "place": "village",
        "osm_id": 1682752134
      }
    },
    {
      "type": "Feature",
      "geometry": {
        "type": "Point",
        "coordinates": [
          91.064278,
          53.411091
        ]
      },
      "properties": {
        "name": "Аршаново",
        "place": "village",
        "osm_id": 1780051558
      }
    },
    {
      "type": "Feature",
      "geometry": {
        "type": "Point",
        "coordinates": [
          91.650589,
          53.407681
        ]
      },
      "properties": {
        "name": "Березовка",
        "place": "hamlet",
        "osm_id": 1780051559
      }
    },
    {
      "type": "Feature",
      "geometry": {
        "type": "Point",
        "coordinates": [
          91.560707,
          53.326355
        ]
      },
      "properties": {
        "name": "Герасимово",
        "place": "hamlet",
        "osm_id": 1780051574
      }
    },
    {
      "type": "Feature",
      "geometry": {
        "type": "Point",
        "coordinates": [
          91.886078,
          53.342438
        ]
      },
      "properties": {
        "name": "Кирово",
        "place": "village",
        "osm_id": 1780051579
      }
    },
    {
      "type": "Feature",
      "geometry": {
        "type": "Point",
        "coordinates": [
          91.64135,
          53.507832
        ]
      },
      "properties": {
        "name": "Летник",
        "place": "village",
        "osm_id": 1780051581
      }
    },
    {
      "type": "Feature",
      "geometry": {
        "type": "Point",
        "coordinates": [
          91.59906,
          53.378452
        ]
      },
      "properties": {
        "name": "Новороссийское",
        "place": "village",
        "osm_id": 1780051582
      }
    },
    {
      "type": "Feature",
      "geometry": {
        "type": "Point",
        "coordinates": [
          91.122215,
          53.430347
        ]
      },
      "properties": {
        "name": "Хызыл-Салда",
        "place": "hamlet",
        "osm_id": 1780051583
      }
    },
    {
      "type": "Feature",
      "geometry": {
        "type": "Point",
        "coordinates": [
          89.47953,
          54.555183
        ]
      },
      "properties": {
        "name": "Белый Балахчин",
        "place": "village",
        "osm_id": 1780063118
      }
    },
    {
      "type": "Feature",
      "geometry": {
        "type": "Point",
        "coordinates": [
          89.8702,
          54.2194564
        ]
      },
      "properties": {
        "name": "Верхний Туим",
        "place": "hamlet",
        "osm_id": 1780063119
      }
    },
    {
      "type": "Feature",
      "geometry": {
        "type": "Point",
        "coordinates": [
          90.5195388,
          54.7052482
        ]
      },
      "properties": {
        "name": "Ворота",
        "place": "village",
        "osm_id": 1780063135
      }
    },
    {
      "type": "Feature",
      "geometry": {
        "type": "Point",
        "coordinates": [
          89.447456,
          54.467525
        ]
      },
      "properties": {
        "name": "Ефремкино",
        "place": "village",
        "osm_id": 1780063141
      }
    },
    {
      "type": "Feature",
      "geometry": {
        "type": "Point",
        "coordinates": [
          90.273872,
          54.301155
        ]
      },
      "properties": {
        "name": "Катюшкино",
        "place": "hamlet",
        "osm_id": 1780063146
      }
    },
    {
      "type": "Feature",
      "geometry": {
        "type": "Point",
        "coordinates": [
          89.284851,
          54.696934
        ]
      },
      "properties": {
        "name": "Кирово",
        "place": "hamlet",
        "osm_id": 1780063151
      }
    },
    {
      "type": "Feature",
      "geometry": {
        "type": "Point",
        "coordinates": [
          90.14344,
          54.482887
        ]
      },
      "properties": {
        "name": "Колодезный",
        "place": "village",
        "osm_id": 1780063158
      }
    },
    {
      "type": "Feature",
      "geometry": {
        "type": "Point",
        "coordinates": [
          89.731331,
          54.541687
        ]
      },
      "properties": {
        "name": "Малый Кобежиков",
        "place": "village",
        "osm_id": 1780063164
      }
    },
    {
      "type": "Feature",
      "geometry": {
        "type": "Point",
        "coordinates": [
          89.820465,
          54.499043
        ]
      },
      "properties": {
        "name": "Марчелгаш",
        "place": "hamlet",
        "osm_id": 1780063166
      }
    },
    {
      "type": "Feature",
      "geometry": {
        "type": "Point",
        "coordinates": [
          89.52729,
          54.204075
        ]
      },
      "properties": {
        "name": "Мендоль",
        "place": "hamlet",
        "osm_id": 1780063167
      }
    },
    {
      "type": "Feature",
      "geometry": {
        "type": "Point",
        "coordinates": [
          89.8793666,
          54.7296838
        ]
      },
      "properties": {
        "name": "Солёноозёрное",
        "place": "village",
        "osm_id": 1780063168
      }
    },
    {
      "type": "Feature",
      "geometry": {
        "type": "Point",
        "coordinates": [
          90.5377048,
          54.4639938
        ]
      },
      "properties": {
        "name": "Старый Борец",
        "place": "hamlet",
        "osm_id": 1780063169
      }
    },
    {
      "type": "Feature",
      "geometry": {
        "type": "Point",
        "coordinates": [
          89.425819,
          54.728886
        ]
      },
      "properties": {
        "name": "Талкин Ключ",
        "place": "hamlet",
        "osm_id": 1780063183
      }
    },
    {
      "type": "Feature",
      "geometry": {
        "type": "Point",
        "coordinates": [
          89.658127,
          54.54211
        ]
      },
      "properties": {
        "name": "Топанов",
        "place": "hamlet",
        "osm_id": 1780063188
      }
    },
    {
      "type": "Feature",
      "geometry": {
        "type": "Point",
        "coordinates": [
          89.54862,
          54.5463
        ]
      },
      "properties": {
        "name": "Трошкин",
        "place": "hamlet",
        "osm_id": 1780063193
      }
    },
    {
      "type": "Feature",
      "geometry": {
        "type": "Point",
        "coordinates": [
          89.756821,
          54.634243
        ]
      },
      "properties": {
        "name": "Усть-Фыркал",
        "place": "hamlet",
        "osm_id": 1780063197
      }
    },
    {
      "type": "Feature",
      "geometry": {
        "type": "Point",
        "coordinates": [
          89.4291398,
          54.6869463
        ]
      },
      "properties": {
        "name": "Чёрное Озеро",
        "place": "village",
        "osm_id": 1780063201
      }
    },
    {
      "type": "Feature",
      "geometry": {
        "type": "Point",
        "coordinates": [
          90.513519,
          53.608967
        ]
      },
      "properties": {
        "name": "Аев",
        "place": "hamlet",
        "osm_id": 1782327094
      }
    },
    {
      "type": "Feature",
      "geometry": {
        "type": "Point",
        "coordinates": [
          90.298882,
          52.995983
        ]
      },
      "properties": {
        "name": "Бырганов",
        "place": "hamlet",
        "osm_id": 1782327095
      }
    },
    {
      "type": "Feature",
      "geometry": {
        "type": "Point",
        "coordinates": [
          89.731819,
          52.992466
        ]
      },
      "properties": {
        "name": "Верхняя Тёя",
        "place": "hamlet",
        "osm_id": 1782327097
      }
    },
    {
      "type": "Feature",
      "geometry": {
        "type": "Point",
        "coordinates": [
          89.913063,
          52.987068
        ]
      },
      "properties": {
        "name": "Илиморов",
        "place": "hamlet",
        "osm_id": 1782327100
      }
    },
    {
      "type": "Feature",
      "geometry": {
        "type": "Point",
        "coordinates": [
          88.997314,
          53.587757
        ]
      },
      "properties": {
        "name": "Калтас",
        "place": "hamlet",
        "osm_id": 1782327106
      }
    },
    {
      "type": "Feature",
      "geometry": {
        "type": "Point",
        "coordinates": [
          89.879379,
          53.077721
        ]
      },
      "properties": {
        "name": "Картоев",
        "place": "hamlet",
        "osm_id": 1782327107
      }
    },
    {
      "type": "Feature",
      "geometry": {
        "type": "Point",
        "coordinates": [
          89.973434,
          53.079796
        ]
      },
      "properties": {
        "name": "Картузов",
        "place": "hamlet",
        "osm_id": 1782327110
      }
    },
    {
      "type": "Feature",
      "geometry": {
        "type": "Point",
        "coordinates": [
          89.956627,
          53.116982
        ]
      },
      "properties": {
        "name": "Кызлас",
        "place": "village",
        "osm_id": 1782327112
      }
    },
    {
      "type": "Feature",
      "geometry": {
        "type": "Point",
        "coordinates": [
          89.804825,
          53.017529
        ]
      },
      "properties": {
        "name": "Лырсы",
        "place": "hamlet",
        "osm_id": 1782327114
      }
    },
    {
      "type": "Feature",
      "geometry": {
        "type": "Point",
        "coordinates": [
          89.713036,
          53.440434
        ]
      },
      "properties": {
        "name": "Нанхчул",
        "place": "hamlet",
        "osm_id": 1782327117
      }
    },
    {
      "type": "Feature",
      "geometry": {
        "type": "Point",
        "coordinates": [
          89.1240222,
          53.3672956
        ]
      },
      "properties": {
        "name": "Николаевка",
        "place": "hamlet",
        "osm_id": 1782327119
      }
    },
    {
      "type": "Feature",
      "geometry": {
        "type": "Point",
        "coordinates": [
          89.780022,
          52.961269
        ]
      },
      "properties": {
        "name": "Отты",
        "place": "village",
        "osm_id": 1782327121
      }
    },
    {
      "type": "Feature",
      "geometry": {
        "type": "Point",
        "coordinates": [
          89.98835,
          52.97197
        ]
      },
      "properties": {
        "name": "Политов",
        "place": "hamlet",
        "osm_id": 1782327123
      }
    },
    {
      "type": "Feature",
      "geometry": {
        "type": "Point",
        "coordinates": [
          90.602264,
          53.390011
        ]
      },
      "properties": {
        "name": "Пуланколь",
        "place": "village",
        "osm_id": 1782327126
      }
    },
    {
      "type": "Feature",
      "geometry": {
        "type": "Point",
        "coordinates": [
          90.525391,
          53.346909
        ]
      },
      "properties": {
        "name": "Сыры",
        "place": "hamlet",
        "osm_id": 1782327136
      }
    },
    {
      "type": "Feature",
      "geometry": {
        "type": "Point",
        "coordinates": [
          89.80114,
          53.097439
        ]
      },
      "properties": {
        "name": "Тюрт-Тас",
        "place": "hamlet",
        "osm_id": 1782327137
      }
    },
    {
      "type": "Feature",
      "geometry": {
        "type": "Point",
        "coordinates": [
          90.003723,
          53.247353
        ]
      },
      "properties": {
        "name": "Улуг-Кичиг",
        "place": "hamlet",
        "osm_id": 1782327138
      }
    },
    {
      "type": "Feature",
      "geometry": {
        "type": "Point",
        "coordinates": [
          89.912445,
          53.136806
        ]
      },
      "properties": {
        "name": "Усть-Хойза",
        "place": "village",
        "osm_id": 1782327139
      }
    },
    {
      "type": "Feature",
      "geometry": {
        "type": "Point",
        "coordinates": [
          89.034348,
          53.479504
        ]
      },
      "properties": {
        "name": "Чарыш",
        "place": "hamlet",
        "osm_id": 1782327140
      }
    },
    {
      "type": "Feature",
      "geometry": {
        "type": "Point",
        "coordinates": [
          90.567238,
          52.934128
        ]
      },
      "properties": {
        "name": "Богдановка",
        "place": "hamlet",
        "osm_id": 1782331480
      }
    },
    {
      "type": "Feature",
      "geometry": {
        "type": "Point",
        "coordinates": [
          90.828674,
          52.991718
        ]
      },
      "properties": {
        "name": "Буденовка",
        "place": "village",
        "osm_id": 1782331481
      }
    },
    {
      "type": "Feature",
      "geometry": {
        "type": "Point",
        "coordinates": [
          90.599449,
          52.947819
        ]
      },
      "properties": {
        "name": "Верх-Киндирла",
        "place": "hamlet",
        "osm_id": 1782331482
      }
    },
    {
      "type": "Feature",
      "geometry": {
        "type": "Point",
        "coordinates": [
          91.395142,
          53.268856
        ]
      },
      "properties": {
        "name": "Дмитриевка",
        "place": "hamlet",
        "osm_id": 1782331484
      }
    },
    {
      "type": "Feature",
      "geometry": {
        "type": "Point",
        "coordinates": [
          91.221893,
          53.281242
        ]
      },
      "properties": {
        "name": "Кирба",
        "place": "village",
        "osm_id": 1782331486
      }
    },
    {
      "type": "Feature",
      "geometry": {
        "type": "Point",
        "coordinates": [
          90.652451,
          53.161961
        ]
      },
      "properties": {
        "name": "Койбалы",
        "place": "village",
        "osm_id": 1782331487
      }
    },
    {
      "type": "Feature",
      "geometry": {
        "type": "Point",
        "coordinates": [
          90.430641,
          53.009174
        ]
      },
      "properties": {
        "name": "Маткечик",
        "place": "hamlet",
        "osm_id": 1782331488
      }
    },
    {
      "type": "Feature",
      "geometry": {
        "type": "Point",
        "coordinates": [
          91.507805,
          53.163784
        ]
      },
      "properties": {
        "name": "Новоенисейка",
        "place": "village",
        "osm_id": 1782331490
      }
    },
    {
      "type": "Feature",
      "geometry": {
        "type": "Point",
        "coordinates": [
          91.259888,
          53.109344
        ]
      },
      "properties": {
        "name": "Новокурск",
        "place": "village",
        "osm_id": 1782331491
      }
    },
    {
      "type": "Feature",
      "geometry": {
        "type": "Point",
        "coordinates": [
          91.298203,
          53.191898
        ]
      },
      "properties": {
        "name": "Новониколаевка",
        "place": "village",
        "osm_id": 1782331492
      }
    },
    {
      "type": "Feature",
      "geometry": {
        "type": "Point",
        "coordinates": [
          91.0507503,
          53.1511988
        ]
      },
      "properties": {
        "name": "Новотроицкое",
        "place": "village",
        "osm_id": 1782331493
      }
    },
    {
      "type": "Feature",
      "geometry": {
        "type": "Point",
        "coordinates": [
          91.182098,
          53.09034
        ]
      },
      "properties": {
        "name": "Сабинка",
        "place": "village",
        "osm_id": 1782331494
      }
    },
    {
      "type": "Feature",
      "geometry": {
        "type": "Point",
        "coordinates": [
          90.639862,
          53.03561
        ]
      },
      "properties": {
        "name": "Усть-Киндирла",
        "place": "hamlet",
        "osm_id": 1782331496
      }
    },
    {
      "type": "Feature",
      "geometry": {
        "type": "Point",
        "coordinates": [
          90.550201,
          53.077885
        ]
      },
      "properties": {
        "name": "Усть-Табат",
        "place": "hamlet",
        "osm_id": 1782331498
      }
    },
    {
      "type": "Feature",
      "geometry": {
        "type": "Point",
        "coordinates": [
          90.789787,
          53.074848
        ]
      },
      "properties": {
        "name": "Уты",
        "place": "hamlet",
        "osm_id": 1782331499
      }
    },
    {
      "type": "Feature",
      "geometry": {
        "type": "Point",
        "coordinates": [
          90.806023,
          53.239292
        ]
      },
      "properties": {
        "name": "Чаптыков",
        "place": "hamlet",
        "osm_id": 1782331500
      }
    },
    {
      "type": "Feature",
      "geometry": {
        "type": "Point",
        "coordinates": [
          90.941658,
          53.348732
        ]
      },
      "properties": {
        "name": "Шалгинов",
        "place": "village",
        "osm_id": 1782331501
      }
    },
    {
      "type": "Feature",
      "geometry": {
        "type": "Point",
        "coordinates": [
          90.676445,
          54.544304
        ]
      },
      "properties": {
        "name": "Бей-Булук",
        "place": "hamlet",
        "osm_id": 1782335622
      }
    },
    {
      "type": "Feature",
      "geometry": {
        "type": "Point",
        "coordinates": [
          90.7395696,
          54.1475849
        ]
      },
      "properties": {
        "name": "Белёлик",
        "place": "hamlet",
        "osm_id": 1782335623
      }
    },
    {
      "type": "Feature",
      "geometry": {
        "type": "Point",
        "coordinates": [
          90.801331,
          54.538177
        ]
      },
      "properties": {
        "name": "Борозда",
        "place": "hamlet",
        "osm_id": 1782335624
      }
    },
    {
      "type": "Feature",
      "geometry": {
        "type": "Point",
        "coordinates": [
          90.7565644,
          54.319591
        ]
      },
      "properties": {
        "name": "Верхняя Ерба",
        "place": "hamlet",
        "osm_id": 1782335626
      }
    },
    {
      "type": "Feature",
      "geometry": {
        "type": "Point",
        "coordinates": [
          90.5045666,
          54.1256628
        ]
      },
      "properties": {
        "name": "Давыдково",
        "place": "hamlet",
        "osm_id": 1782335628
      }
    },
    {
      "type": "Feature",
      "geometry": {
        "type": "Point",
        "coordinates": [
          90.7093604,
          54.5844869
        ]
      },
      "properties": {
        "name": "Заречная",
        "place": "village",
        "osm_id": 1782335629
      }
    },
    {
      "type": "Feature",
      "geometry": {
        "type": "Point",
        "coordinates": [
          90.6082544,
          54.3080385
        ]
      },
      "properties": {
        "name": "Карасук",
        "place": "hamlet",
        "osm_id": 1782335630
      }
    },
    {
      "type": "Feature",
      "geometry": {
        "type": "Point",
        "coordinates": [
          91.1969576,
          54.5061298
        ]
      },
      "properties": {
        "name": "Климаниховский",
        "place": "hamlet",
        "osm_id": 1782335632
      }
    },
    {
      "type": "Feature",
      "geometry": {
        "type": "Point",
        "coordinates": [
          91.273468,
          54.094357
        ]
      },
      "properties": {
        "name": "Красный Камень",
        "place": "hamlet",
        "osm_id": 1782335633
      }
    },
    {
      "type": "Feature",
      "geometry": {
        "type": "Point",
        "coordinates": [
          90.484009,
          54.227364
        ]
      },
      "properties": {
        "name": "Пушное",
        "place": "village",
        "osm_id": 1782335634
      }
    },
    {
      "type": "Feature",
      "geometry": {
        "type": "Point",
        "coordinates": [
          91.433891,
          54.112991
        ]
      },
      "properties": {
        "name": "Советская Хакасия",
        "place": "village",
        "osm_id": 1782335635
      }
    },
    {
      "type": "Feature",
      "geometry": {
        "type": "Point",
        "coordinates": [
          90.4529879,
          54.2404552
        ]
      },
      "properties": {
        "name": "Цветногорск",
        "place": "hamlet",
        "osm_id": 1782335636
      }
    },
    {
      "type": "Feature",
      "geometry": {
        "type": "Point",
        "coordinates": [
          90.998116,
          54.463284
        ]
      },
      "properties": {
        "name": "Черемушка",
        "place": "hamlet",
        "osm_id": 1782335637
      }
    },
    {
      "type": "Feature",
      "geometry": {
        "type": "Point",
        "coordinates": [
          89.315318,
          54.9680447
        ]
      },
      "properties": {
        "name": "Агаскыр",
        "place": "hamlet",
        "osm_id": 1782343146
      }
    },
    {
      "type": "Feature",
      "geometry": {
        "type": "Point",
        "coordinates": [
          90.210083,
          54.958847
        ]
      },
      "properties": {
        "name": "Когунек",
        "place": "hamlet",
        "osm_id": 1782343148
      }
    },
    {
      "type": "Feature",
      "geometry": {
        "type": "Point",
        "coordinates": [
          88.963654,
          54.777313
        ]
      },
      "properties": {
        "name": "Орджоникидзевское",
        "place": "village",
        "osm_id": 1782343153
      }
    },
    {
      "type": "Feature",
      "geometry": {
        "type": "Point",
        "coordinates": [
          89.448189,
          54.821259
        ]
      },
      "properties": {
        "name": "Подкамень",
        "place": "village",
        "osm_id": 1782343154
      }
    },
    {
      "type": "Feature",
      "geometry": {
        "type": "Point",
        "coordinates": [
          89.636139,
          54.755875
        ]
      },
      "properties": {
        "name": "Подлиственки",
        "place": "hamlet",
        "osm_id": 1782343156
      }
    },
    {
      "type": "Feature",
      "geometry": {
        "type": "Point",
        "coordinates": [
          89.2425,
          54.863907
        ]
      },
      "properties": {
        "name": "Сарала",
        "place": "village",
        "osm_id": 1782343158
      }
    },
    {
      "type": "Feature",
      "geometry": {
        "type": "Point",
        "coordinates": [
          89.48201,
          52.808495
        ]
      },
      "properties": {
        "name": "Анчул",
        "place": "village",
        "osm_id": 1782351912
      }
    },
    {
      "type": "Feature",
      "geometry": {
        "type": "Point",
        "coordinates": [
          90.287102,
          52.698696
        ]
      },
      "properties": {
        "name": "Арбаты",
        "place": "village",
        "osm_id": 1782351913
      }
    },
    {
      "type": "Feature",
      "geometry": {
        "type": "Point",
        "coordinates": [
          90.375443,
          52.713818
        ]
      },
      "properties": {
        "name": "Большие Арбаты",
        "place": "village",
        "osm_id": 1782351914
      }
    },
    {
      "type": "Feature",
      "geometry": {
        "type": "Point",
        "coordinates": [
          89.590431,
          52.817318
        ]
      },
      "properties": {
        "name": "Большой Бор",
        "place": "hamlet",
        "osm_id": 1782351915
      }
    },
    {
      "type": "Feature",
      "geometry": {
        "type": "Point",
        "coordinates": [
          89.7562528,
          52.0679176
        ]
      },
      "properties": {
        "name": "Большой Он",
        "place": "hamlet",
        "osm_id": 1782351916
      }
    },
    {
      "type": "Feature",
      "geometry": {
        "type": "Point",
        "coordinates": [
          89.988907,
          52.812019
        ]
      },
      "properties": {
        "name": "Бутрахты",
        "place": "village",
        "osm_id": 1782351917
      }
    },
    {
      "type": "Feature",
      "geometry": {
        "type": "Point",
        "coordinates": [
          89.844406,
          52.873665
        ]
      },
      "properties": {
        "name": "Верхний Имек",
        "place": "village",
        "osm_id": 1782351918
      }
    },
    {
      "type": "Feature",
      "geometry": {
        "type": "Point",
        "coordinates": [
          89.749428,
          52.826225
        ]
      },
      "properties": {
        "name": "Верхний Курлугаш",
        "place": "hamlet",
        "osm_id": 1782351919
      }
    },
    {
      "type": "Feature",
      "geometry": {
        "type": "Point",
        "coordinates": [
          89.44495,
          52.8110468
        ]
      },
      "properties": {
        "name": "Верхний Таштып",
        "place": "village",
        "osm_id": 1782351920
      }
    },
    {
      "type": "Feature",
      "geometry": {
        "type": "Point",
        "coordinates": [
          89.700256,
          52.682571
        ]
      },
      "properties": {
        "name": "Верхняя Сея",
        "place": "village",
        "osm_id": 1782351921
      }
    },
    {
      "type": "Feature",
      "geometry": {
        "type": "Point",
        "coordinates": [
          89.927124,
          52.850498
        ]
      },
      "properties": {
        "name": "Имек",
        "place": "village",
        "osm_id": 1782351922
      }
    },
    {
      "type": "Feature",
      "geometry": {
        "type": "Point",
        "coordinates": [
          89.7219289,
          52.6904553
        ]
      },
      "properties": {
        "name": "Иничул",
        "place": "hamlet",
        "osm_id": 1782351923
      }
    },
    {
      "type": "Feature",
      "geometry": {
        "type": "Point",
        "coordinates": [
          90.111229,
          52.845657
        ]
      },
      "properties": {
        "name": "Карагай",
        "place": "hamlet",
        "osm_id": 1782351924
      }
    },
    {
      "type": "Feature",
      "geometry": {
        "type": "Point",
        "coordinates": [
          90.258598,
          52.727383
        ]
      },
      "properties": {
        "name": "Кирово",
        "place": "hamlet",
        "osm_id": 1782351925
      }
    },
    {
      "type": "Feature",
      "geometry": {
        "type": "Point",
        "coordinates": [
          89.824867,
          52.330372
        ]
      },
      "properties": {
        "name": "Кубайка",
        "place": "hamlet",
        "osm_id": 1782351926
      }
    },
    {
      "type": "Feature",
      "geometry": {
        "type": "Point",
        "coordinates": [
          89.552806,
          52.7852684
        ]
      },
      "properties": {
        "name": "Кызылсуг",
        "place": "hamlet",
        "osm_id": 1782351927
      }
    },
    {
      "type": "Feature",
      "geometry": {
        "type": "Point",
        "coordinates": [
          89.8326332,
          52.7536753
        ]
      },
      "properties": {
        "name": "Малая Сея",
        "place": "village",
        "osm_id": 1782351928
      }
    },
    {
      "type": "Feature",
      "geometry": {
        "type": "Point",
        "coordinates": [
          90.316284,
          52.715145
        ]
      },
      "properties": {
        "name": "Малые Арбаты",
        "place": "village",
        "osm_id": 1782351929
      }
    },
    {
      "type": "Feature",
      "geometry": {
        "type": "Point",
        "coordinates": [
          89.8343187,
          52.7790742
        ]
      },
      "properties": {
        "name": "Нижний Курлугаш",
        "place": "village",
        "osm_id": 1782351930
      }
    },
    {
      "type": "Feature",
      "geometry": {
        "type": "Point",
        "coordinates": [
          90.084808,
          52.862087
        ]
      },
      "properties": {
        "name": "Печегол",
        "place": "hamlet",
        "osm_id": 1782351931
      }
    },
    {
      "type": "Feature",
      "geometry": {
        "type": "Point",
        "coordinates": [
          90.2688532,
          52.7114697
        ]
      },
      "properties": {
        "name": "Харачул",
        "place": "hamlet",
        "osm_id": 1782351932
      }
    },
    {
      "type": "Feature",
      "geometry": {
        "type": "Point",
        "coordinates": [
          89.8766903,
          52.9020882
        ]
      },
      "properties": {
        "name": "Харой",
        "place": "village",
        "osm_id": 1782351933
      }
    },
    {
      "type": "Feature",
      "geometry": {
        "type": "Point",
        "coordinates": [
          90.0410113,
          52.814927
        ]
      },
      "properties": {
        "name": "Чиланы",
        "place": "hamlet",
        "osm_id": 1782351934
      }
    },
    {
      "type": "Feature",
      "geometry": {
        "type": "Point",
        "coordinates": [
          89.63678,
          52.668823
        ]
      },
      "properties": {
        "name": "Шепчул",
        "place": "hamlet",
        "osm_id": 1782351935
      }
    },
    {
      "type": "Feature",
      "geometry": {
        "type": "Point",
        "coordinates": [
          90.174919,
          53.584946
        ]
      },
      "properties": {
        "name": "Ах-Хол",
        "place": "hamlet",
        "osm_id": 1782366237
      }
    },
    {
      "type": "Feature",
      "geometry": {
        "type": "Point",
        "coordinates": [
          91.202888,
          53.551006
        ]
      },
      "properties": {
        "name": "Баинов",
        "place": "hamlet",
        "osm_id": 1782366238
      }
    },
    {
      "type": "Feature",
      "geometry": {
        "type": "Point",
        "coordinates": [
          90.966454,
          53.980663
        ]
      },
      "properties": {
        "name": "Вершино-Биджа",
        "place": "village",
        "osm_id": 1782366239
      }
    },
    {
      "type": "Feature",
      "geometry": {
        "type": "Point",
        "coordinates": [
          91.033585,
          53.441132
        ]
      },
      "properties": {
        "name": "Доможаков",
        "place": "village",
        "osm_id": 1782366240
      }
    },
    {
      "type": "Feature",
      "geometry": {
        "type": "Point",
        "coordinates": [
          91.175575,
          53.730602
        ]
      },
      "properties": {
        "name": "Заря",
        "place": "hamlet",
        "osm_id": 1782366241
      }
    },
    {
      "type": "Feature",
      "geometry": {
        "type": "Point",
        "coordinates": [
          91.313568,
          53.774803
        ]
      },
      "properties": {
        "name": "Зелёное",
        "place": "village",
        "osm_id": 1782366242
      }
    },
    {
      "type": "Feature",
      "geometry": {
        "type": "Point",
        "coordinates": [
          90.938179,
          53.516308
        ]
      },
      "properties": {
        "name": "Имени Ильича",
        "place": "hamlet",
        "osm_id": 1782366244
      }
    },
    {
      "type": "Feature",
      "geometry": {
        "type": "Point",
        "coordinates": [
          91.1875726,
          53.9042504
        ]
      },
      "properties": {
        "name": "Ковыльная",
        "place": "hamlet",
        "osm_id": 1782366245
      }
    },
    {
      "type": "Feature",
      "geometry": {
        "type": "Point",
        "coordinates": [
          91.2148749,
          53.6493356
        ]
      },
      "properties": {
        "name": "Красноозёрное",
        "place": "village",
        "osm_id": 1782366246
      }
    },
    {
      "type": "Feature",
      "geometry": {
        "type": "Point",
        "coordinates": [
          91.110077,
          53.929935
        ]
      },
      "properties": {
        "name": "Московское",
        "place": "village",
        "osm_id": 1782366247
      }
    },
    {
      "type": "Feature",
      "geometry": {
        "type": "Point",
        "coordinates": [
          91.3532193,
          53.7861921
        ]
      },
      "properties": {
        "name": "Расцвет",
        "place": "village",
        "osm_id": 1782366248
      }
    },
    {
      "type": "Feature",
      "geometry": {
        "type": "Point",
        "coordinates": [
          91.285347,
          53.620724
        ]
      },
      "properties": {
        "name": "Сапогов",
        "place": "village",
        "osm_id": 1782366249
      }
    },
    {
      "type": "Feature",
      "geometry": {
        "type": "Point",
        "coordinates": [
          91.182915,
          53.688675
        ]
      },
      "properties": {
        "name": "Солнечное",
        "place": "village",
        "osm_id": 1782366250
      }
    },
    {
      "type": "Feature",
      "geometry": {
        "type": "Point",
        "coordinates": [
          91.332916,
          53.786877
        ]
      },
      "properties": {
        "name": "Тепличный",
        "place": "village",
        "osm_id": 1782366251
      }
    },
    {
      "type": "Feature",
      "geometry": {
        "type": "Point",
        "coordinates": [
          91.0716381,
          53.5056525
        ]
      },
      "properties": {
        "name": "Тутатчиков",
        "place": "hamlet",
        "osm_id": 1782366252
      }
    },
    {
      "type": "Feature",
      "geometry": {
        "type": "Point",
        "coordinates": [
          90.3795084,
          53.7023163
        ]
      },
      "properties": {
        "name": "Чарков",
        "place": "village",
        "osm_id": 1782366253
      }
    },
    {
      "type": "Feature",
      "geometry": {
        "type": "Point",
        "coordinates": [
          91.1233731,
          53.515058
        ]
      },
      "properties": {
        "name": "Шурышев",
        "place": "hamlet",
        "osm_id": 1782366254
      }
    },
    {
      "type": "Feature",
      "geometry": {
        "type": "Point",
        "coordinates": [
          91.0053821,
          53.461212
        ]
      },
      "properties": {
        "name": "Кирба",
        "place": "hamlet",
        "osm_id": 1784626755
      }
    },
    {
      "type": "Feature",
      "geometry": {
        "type": "Point",
        "coordinates": [
          89.695244,
          54.085293
        ]
      },
      "properties": {
        "name": "Улень",
        "place": "hamlet",
        "osm_id": 1784626756
      }
    },
    {
      "type": "Feature",
      "geometry": {
        "type": "Point",
        "coordinates": [
          85.9761739,
          51.4370615
        ]
      },
      "properties": {
        "name": "Аюла",
        "place": "village",
        "osm_id": 1839393733
      }
    },
    {
      "type": "Feature",
      "geometry": {
        "type": "Point",
        "coordinates": [
          89.835022,
          54.060974
        ]
      },
      "properties": {
        "name": "Колтаров",
        "place": "hamlet",
        "osm_id": 1861581706
      }
    },
    {
      "type": "Feature",
      "geometry": {
        "type": "Point",
        "coordinates": [
          90.303398,
          53.985752
        ]
      },
      "properties": {
        "name": "Сорский подхоз",
        "place": "hamlet",
        "osm_id": 1861581707
      }
    },
    {
      "type": "Feature",
      "geometry": {
        "type": "Point",
        "coordinates": [
          90.316826,
          53.974979
        ]
      },
      "properties": {
        "name": "Ербинская",
        "place": "village",
        "osm_id": 1861581708
      }
    },
    {
      "type": "Feature",
      "geometry": {
        "type": "Point",
        "coordinates": [
          85.6119795,
          51.3286523
        ]
      },
      "properties": {
        "name": "Арбайта",
        "place": "hamlet",
        "osm_id": 1929928751
      }
    },
    {
      "type": "Feature",
      "geometry": {
        "type": "Point",
        "coordinates": [
          92.2074823,
          51.3995087
        ]
      },
      "properties": {
        "name": "Ак-Дуруг",
        "place": "village",
        "osm_id": 2405222131
      }
    },
    {
      "type": "Feature",
      "geometry": {
        "type": "Point",
        "coordinates": [
          91.430771,
          51.4573557
        ]
      },
      "properties": {
        "name": "Баян-Тала",
        "place": "village",
        "osm_id": 2405222133
      }
    },
    {
      "type": "Feature",
      "geometry": {
        "type": "Point",
        "coordinates": [
          92.2654182,
          51.4769681
        ]
      },
      "properties": {
        "name": "Булун-Терек",
        "place": "village",
        "osm_id": 2405222134
      }
    },
    {
      "type": "Feature",
      "geometry": {
        "type": "Point",
        "coordinates": [
          91.5933809,
          51.5782693
        ]
      },
      "properties": {
        "name": "Ийме",
        "place": "village",
        "osm_id": 2405222135
      }
    },
    {
      "type": "Feature",
      "geometry": {
        "type": "Point",
        "coordinates": [
          91.146738,
          51.4044258
        ]
      },
      "properties": {
        "name": "Бора-Тайга",
        "place": "village",
        "osm_id": 2427022556
      }
    },
    {
      "type": "Feature",
      "geometry": {
        "type": "Point",
        "coordinates": [
          87.7279246,
          52.6068763
        ]
      },
      "properties": {
        "name": "Юдино",
        "place": "hamlet",
        "osm_id": 2482366733
      }
    },
    {
      "type": "Feature",
      "geometry": {
        "type": "Point",
        "coordinates": [
          86.0037576,
          51.4065933
        ]
      },
      "properties": {
        "name": "Чемал",
        "place": "town",
        "osm_id": 2500528613
      }
    },
    {
      "type": "Feature",
      "geometry": {
        "type": "Point",
        "coordinates": [
          92.4417028,
          53.1191236
        ]
      },
      "properties": {
        "name": "Разъезжее",
        "place": "village",
        "osm_id": 2561776437
      }
    },
    {
      "type": "Feature",
      "geometry": {
        "type": "Point",
        "coordinates": [
          86.1124715,
          51.7400112
        ]
      },
      "properties": {
        "name": "Александровка",
        "place": "village",
        "osm_id": 2674342850
      }
    },
    {
      "type": "Feature",
      "geometry": {
        "type": "Point",
        "coordinates": [
          87.0769379,
          52.1297965
        ]
      },
      "properties": {
        "name": "Огни",
        "place": "hamlet",
        "osm_id": 2808926538
      }
    },
    {
      "type": "Feature",
      "geometry": {
        "type": "Point",
        "coordinates": [
          89.279358,
          53.421432
        ]
      },
      "properties": {
        "name": "Шора",
        "place": "hamlet",
        "osm_id": 2822785661
      }
    },
    {
      "type": "Feature",
      "geometry": {
        "type": "Point",
        "coordinates": [
          89.6059146,
          53.4573004
        ]
      },
      "properties": {
        "name": "Ала-Тау",
        "place": "hamlet",
        "osm_id": 2822797406
      }
    },
    {
      "type": "Feature",
      "geometry": {
        "type": "Point",
        "coordinates": [
          89.429314,
          53.436852
        ]
      },
      "properties": {
        "name": "Казынет",
        "place": "hamlet",
        "osm_id": 2822797407
      }
    },
    {
      "type": "Feature",
      "geometry": {
        "type": "Point",
        "coordinates": [
          89.526863,
          53.374004
        ]
      },
      "properties": {
        "name": "Тузуксу",
        "place": "hamlet",
        "osm_id": 2822800633
      }
    },
    {
      "type": "Feature",
      "geometry": {
        "type": "Point",
        "coordinates": [
          89.5698163,
          53.4627687
        ]
      },
      "properties": {
        "name": "Ясная Поляна",
        "place": "hamlet",
        "osm_id": 2822800634
      }
    },
    {
      "type": "Feature",
      "geometry": {
        "type": "Point",
        "coordinates": [
          85.6211885,
          51.4167109
        ]
      },
      "properties": {
        "name": "Мыюта",
        "place": "village",
        "osm_id": 2901154901
      }
    },
    {
      "type": "Feature",
      "geometry": {
        "type": "Point",
        "coordinates": [
          86.6003674,
          51.7816078
        ]
      },
      "properties": {
        "name": "Никольское",
        "place": "hamlet",
        "osm_id": 2929010001
      }
    },
    {
      "type": "Feature",
      "geometry": {
        "type": "Point",
        "coordinates": [
          89.5876726,
          54.2392287
        ]
      },
      "properties": {
        "name": "Усть-Тунгужуль",
        "place": "hamlet",
        "osm_id": 2941716039
      }
    },
    {
      "type": "Feature",
      "geometry": {
        "type": "Point",
        "coordinates": [
          91.272728,
          52.9762
        ]
      },
      "properties": {
        "name": "Богословка",
        "place": "village",
        "osm_id": 3014008185
      }
    },
    {
      "type": "Feature",
      "geometry": {
        "type": "Point",
        "coordinates": [
          91.9618584,
          51.6060807
        ]
      },
      "properties": {
        "name": "Шанчы",
        "place": "village",
        "osm_id": 3026997763
      }
    },
    {
      "type": "Feature",
      "geometry": {
        "type": "Point",
        "coordinates": [
          85.944695,
          51.500214
        ]
      },
      "properties": {
        "name": "Анос",
        "place": "village",
        "osm_id": 3030461107
      }
    },
    {
      "type": "Feature",
      "geometry": {
        "type": "Point",
        "coordinates": [
          92.1333876,
          53.6668742
        ]
      },
      "properties": {
        "name": "Большая Ничка",
        "place": "village",
        "osm_id": 3062697411
      }
    },
    {
      "type": "Feature",
      "geometry": {
        "type": "Point",
        "coordinates": [
          89.438622,
          54.404625
        ]
      },
      "properties": {
        "name": "Малая Сыя",
        "place": "hamlet",
        "osm_id": 3077195429
      }
    },
    {
      "type": "Feature",
      "geometry": {
        "type": "Point",
        "coordinates": [
          89.3233313,
          54.3228136
        ]
      },
      "properties": {
        "name": "Мирный",
        "place": "hamlet",
        "osm_id": 3077202244
      }
    },
    {
      "type": "Feature",
      "geometry": {
        "type": "Point",
        "coordinates": [
          91.8656082,
          53.0325172
        ]
      },
      "properties": {
        "name": "Майский",
        "place": "hamlet",
        "osm_id": 3133447465
      }
    },
    {
      "type": "Feature",
      "geometry": {
        "type": "Point",
        "coordinates": [
          92.4753913,
          51.3205615
        ]
      },
      "properties": {
        "name": "Иштии-Хем",
        "place": "village",
        "osm_id": 3197366897
      }
    },
    {
      "type": "Feature",
      "geometry": {
        "type": "Point",
        "coordinates": [
          91.4749089,
          51.5669621
        ]
      },
      "properties": {
        "name": "Ишкин",
        "place": "village",
        "osm_id": 3198423486
      }
    },
    {
      "type": "Feature",
      "geometry": {
        "type": "Point",
        "coordinates": [
          91.3184404,
          51.4169104
        ]
      },
      "properties": {
        "name": "Кара-Чыраа",
        "place": "village",
        "osm_id": 3198423487
      }
    },
    {
      "type": "Feature",
      "geometry": {
        "type": "Point",
        "coordinates": [
          91.8148471,
          51.3754037
        ]
      },
      "properties": {
        "name": "Кирсарай",
        "place": "hamlet",
        "osm_id": 3198423488
      }
    },
    {
      "type": "Feature",
      "geometry": {
        "type": "Point",
        "coordinates": [
          91.1281674,
          51.3410954
        ]
      },
      "properties": {
        "name": "Ак-Даш",
        "place": "village",
        "osm_id": 3198765524
      }
    },
    {
      "type": "Feature",
      "geometry": {
        "type": "Point",
        "coordinates": [
          89.4673836,
          53.9283736
        ]
      },
      "properties": {
        "name": "Кашпар",
        "place": "hamlet",
        "osm_id": 3413900437
      }
    },
    {
      "type": "Feature",
      "geometry": {
        "type": "Point",
        "coordinates": [
          86.179169,
          54.447235
        ]
      },
      "properties": {
        "name": "Новороссийка",
        "place": "hamlet",
        "osm_id": 3508827994
      }
    },
    {
      "type": "Feature",
      "geometry": {
        "type": "Point",
        "coordinates": [
          86.074532,
          54.318306
        ]
      },
      "properties": {
        "name": "20 км",
        "place": "hamlet",
        "osm_id": 3619812713
      }
    },
    {
      "type": "Feature",
      "geometry": {
        "type": "Point",
        "coordinates": [
          90.0136943,
          53.8914614
        ]
      },
      "properties": {
        "name": "Средний Кисач",
        "place": "hamlet",
        "osm_id": 3619979617
      }
    },
    {
      "type": "Feature",
      "geometry": {
        "type": "Point",
        "coordinates": [
          86.251,
          54.47046
        ]
      },
      "properties": {
        "name": "Ивановка",
        "place": "village",
        "osm_id": 3620034240
      }
    },
    {
      "type": "Feature",
      "geometry": {
        "type": "Point",
        "coordinates": [
          85.8883698,
          52.0326576
        ]
      },
      "properties": {
        "name": "Подгорное",
        "place": "village",
        "osm_id": 4167266181
      }
    },
    {
      "type": "Feature",
      "geometry": {
        "type": "Point",
        "coordinates": [
          85.9880987,
          51.4585813
        ]
      },
      "properties": {
        "name": "Элекмонар",
        "place": "village",
        "osm_id": 4378899807
      }
    },
    {
      "type": "Feature",
      "geometry": {
        "type": "Point",
        "coordinates": [
          88.4231668,
          52.8289984
        ]
      },
      "properties": {
        "name": "Новый",
        "place": "hamlet",
        "osm_id": 4546923403
      }
    },
    {
      "type": "Feature",
      "geometry": {
        "type": "Point",
        "coordinates": [
          92.2178428,
          53.7692904
        ]
      },
      "properties": {
        "name": "Малый Кызыкуль",
        "place": "hamlet",
        "osm_id": 4597640581
      }
    },
    {
      "type": "Feature",
      "geometry": {
        "type": "Point",
        "coordinates": [
          86.0848176,
          54.6890203
        ]
      },
      "properties": {
        "name": "Клейзавода",
        "place": "village",
        "osm_id": 4686748666
      }
    },
    {
      "type": "Feature",
      "geometry": {
        "type": "Point",
        "coordinates": [
          88.2993627,
          52.6547954
        ]
      },
      "properties": {
        "name": "Узунгол",
        "place": "hamlet",
        "osm_id": 4914312921
      }
    },
    {
      "type": "Feature",
      "geometry": {
        "type": "Point",
        "coordinates": [
          87.8138438,
          53.5971949
        ]
      },
      "properties": {
        "name": "Чувашка",
        "place": "hamlet",
        "osm_id": 6855893831
      }
    },
    {
      "type": "Feature",
      "geometry": {
        "type": "Point",
        "coordinates": [
          88.7166381,
          53.1602491
        ]
      },
      "properties": {
        "name": "Ильинка",
        "place": "hamlet",
        "osm_id": 7080235455
      }
    },
    {
      "type": "Feature",
      "geometry": {
        "type": "Point",
        "coordinates": [
          88.6217522,
          53.2048759
        ]
      },
      "properties": {
        "name": "Ортон",
        "place": "village",
        "osm_id": 7080235456
      }
    },
    {
      "type": "Feature",
      "geometry": {
        "type": "Point",
        "coordinates": [
          86.276489,
          54.177605
        ]
      },
      "properties": {
        "name": "Артышта",
        "place": "hamlet",
        "osm_id": 7128276600
      }
    },
    {
      "type": "Feature",
      "geometry": {
        "type": "Point",
        "coordinates": [
          86.9871068,
          52.8250165
        ]
      },
      "properties": {
        "name": "Антроп",
        "place": "hamlet",
        "osm_id": 8343474244
      }
    },
    {
      "type": "Feature",
      "geometry": {
        "type": "Point",
        "coordinates": [
          86.838879,
          54.7230326
        ]
      },
      "properties": {
        "name": "Чумашкино",
        "place": "hamlet",
        "osm_id": 9519431310
      }
    },
    {
      "type": "Feature",
      "geometry": {
        "type": "Point",
        "coordinates": [
          87.0251278,
          54.7572238
        ]
      },
      "properties": {
        "name": "Ажендарово",
        "place": "hamlet",
        "osm_id": 9519447173
      }
    },
    {
      "type": "Feature",
      "geometry": {
        "type": "Point",
        "coordinates": [
          87.0693986,
          54.776131
        ]
      },
      "properties": {
        "name": "Сосновка",
        "place": "hamlet",
        "osm_id": 9519447174
      }
    },
    {
      "type": "Feature",
      "geometry": {
        "type": "Point",
        "coordinates": [
          87.10613,
          54.8842805
        ]
      },
      "properties": {
        "name": "Ильменская Заимка",
        "place": "hamlet",
        "osm_id": 9519468059
      }
    },
    {
      "type": "Feature",
      "geometry": {
        "type": "Point",
        "coordinates": [
          86.8312728,
          54.8280137
        ]
      },
      "properties": {
        "name": "Мунгатское",
        "place": "hamlet",
        "osm_id": 9519469113
      }
    },
    {
      "type": "Feature",
      "geometry": {
        "type": "Point",
        "coordinates": [
          86.7925727,
          54.7263931
        ]
      },
      "properties": {
        "name": "Елбак",
        "place": "hamlet",
        "osm_id": 9519469114
      }
    },
    {
      "type": "Feature",
      "geometry": {
        "type": "Point",
        "coordinates": [
          86.6680043,
          54.9720209
        ]
      },
      "properties": {
        "name": "Трифоново",
        "place": "hamlet",
        "osm_id": 9519510910
      }
    },
    {
      "type": "Feature",
      "geometry": {
        "type": "Point",
        "coordinates": [
          87.0780859,
          54.9322956
        ]
      },
      "properties": {
        "name": "Красное озеро",
        "place": "hamlet",
        "osm_id": 9519515325
      }
    },
    {
      "type": "Feature",
      "geometry": {
        "type": "Point",
        "coordinates": [
          87.1014292,
          54.9505612
        ]
      },
      "properties": {
        "name": "Симоново",
        "place": "hamlet",
        "osm_id": 9519521332
      }
    },
    {
      "type": "Feature",
      "geometry": {
        "type": "Point",
        "coordinates": [
          87.1560998,
          54.9305159
        ]
      },
      "properties": {
        "name": "Андреевка",
        "place": "hamlet",
        "osm_id": 9519521333
      }
    },
    {
      "type": "Feature",
      "geometry": {
        "type": "Point",
        "coordinates": [
          86.916312,
          54.8868974
        ]
      },
      "properties": {
        "name": "Кутузовка",
        "place": "hamlet",
        "osm_id": 9519530097
      }
    },
    {
      "type": "Feature",
      "geometry": {
        "type": "Point",
        "coordinates": [
          86.8951412,
          54.8869607
        ]
      },
      "properties": {
        "name": "Лебедевка",
        "place": "hamlet",
        "osm_id": 9519530098
      }
    },
    {
      "type": "Feature",
      "geometry": {
        "type": "Point",
        "coordinates": [
          86.9059081,
          54.9365833
        ]
      },
      "properties": {
        "name": "Песчаное",
        "place": "hamlet",
        "osm_id": 9519530100
      }
    },
    {
      "type": "Feature",
      "geometry": {
        "type": "Point",
        "coordinates": [
          86.7821164,
          54.8554661
        ]
      },
      "properties": {
        "name": "Старина",
        "place": "hamlet",
        "osm_id": 9519557907
      }
    },
    {
      "type": "Feature",
      "geometry": {
        "type": "Point",
        "coordinates": [
          86.8645756,
          54.9589155
        ]
      },
      "properties": {
        "name": "Чернолеска",
        "place": "hamlet",
        "osm_id": 9519568117
      }
    },
    {
      "type": "Feature",
      "geometry": {
        "type": "Point",
        "coordinates": [
          90.398842,
          53.027233
        ]
      },
      "properties": {
        "name": "Бельтирское",
        "place": "village",
        "osm_id": 9897355236
      }
    },
    {
      "type": "Feature",
      "geometry": {
        "type": "Point",
        "coordinates": [
          87.3605883,
          53.4848217
        ]
      },
      "properties": {
        "name": "Колбинушка",
        "place": "hamlet",
        "osm_id": 12115816524
      }
    },
    {
      "type": "Feature",
      "geometry": {
        "type": "Point",
        "coordinates": [
          90.0001646,
          53.8476343
        ]
      },
      "properties": {
        "name": "Катык",
        "place": "hamlet",
        "osm_id": 13622060085
      }
    }
  ]
}